Cliente,Campanha,Anúncio,Investimento,Impressões,Alcance,Page View,Vendas,Faturamento
Eurotec Group,Campanha D,Anúncio 3,5416.71,218576,110233,40813,2171,374730.98
Eurotec Nutrition,Campanha C,Anúncio 1,8814.07,255828,214263,160874,3847,861598.66
Heel Vet,Campanha D,Anúncio 3,5064.43,289011,216114,148378,2277,1088315.95
Cibio,Campanha A,Anúncio 3,5749.47,87558,61575,34173,2283,160794.48
C.Vale,Campanha C,Anúncio 1,8783.16,268440,186435,120393,7101,2442739.26
Bom Jesus,Campanha C,Anúncio 1,9584.33,17316,9694,3726,156,15394.1
Prado Multiespécies,Campanha D,Anúncio 4,9219.71,422362,311300,198972,10636,1419556.9
Kraemer,Campanha D,Anúncio 3,5052.02,2677,2323,1302,99,38959.29
Kraemer,Campanha D,Anúncio 2,2204.74,495208,428388,244702,18810,6507658.0
Bom Jesus,Campanha C,Anúncio 4,8594.95,414051,285670,139696,11168,4630924.92
Coopavel,Campanha B,Anúncio 3,4777.16,170780,137891,107186,5959,1057398.13
Ballagro,Campanha D,Anúncio 5,4580.95,30822,23859,10269,846,304950.15
Frísia,Campanha C,Anúncio 4,9911.55,249832,178060,107743,10617,4943433.49
Eurotec Group,Campanha A,Anúncio 5,1721.48,74949,52138,16374,1113,226885.6
Eurotec Group,Campanha D,Anúncio 4,9308.09,299579,246440,142915,4019,890612.64
CooperOeste,Campanha D,Anúncio 2,4349.53,291460,240208,88453,2352,300619.56
Fertilis,Campanha D,Anúncio 4,6434.21,12229,8477,5065,197,10644.85
CooperOeste,Campanha B,Anúncio 1,5118.75,427319,258454,178878,10803,1801025.58
Fertilis,Campanha C,Anúncio 4,2303.18,35509,20404,12731,153,71863.46
Tacto Nutrição,Campanha D,Anúncio 4,1963.64,116056,60967,47174,3187,739418.28
Eurotec Group,Campanha D,Anúncio 1,4198.17,290899,203778,74921,4177,1440104.12
Nutrali,Campanha A,Anúncio 4,5480.83,160670,122808,69858,6306,2471564.17
Máxima Agronegócios,Campanha A,Anúncio 3,3233.62,143513,116436,39045,3270,988103.05
Tacto Nutrição,Campanha C,Anúncio 5,6909.8,330911,250150,100246,9640,2005177.14
BioSyn,Campanha B,Anúncio 3,4781.79,344954,297155,214103,9626,2193435.56
Heel Vet,Campanha B,Anúncio 1,1101.69,202658,173899,112875,5442,1631808.12
Topnutri,Campanha D,Anúncio 3,5786.54,229662,156966,54380,4318,1601247.61
Agro Rural,Campanha D,Anúncio 3,8866.09,396480,291017,95484,7219,2253993.57
Frísia,Campanha C,Anúncio 3,3014.19,226374,160254,69622,3486,425168.04
Soma Energia,Campanha A,Anúncio 1,2751.95,139347,102877,63229,3692,354456.17
Copérdia,Campanha A,Anúncio 2,3735.36,97808,79590,58961,3689,340376.19
Nutrali,Campanha D,Anúncio 1,5850.37,242564,185019,73882,2521,1201895.86
BioSyn,Campanha C,Anúncio 2,5577.75,153505,134283,88103,1820,622830.54
C.Vale,Campanha A,Anúncio 2,6249.06,226748,121819,78462,4836,1362057.92
Ballagro,Campanha B,Anúncio 3,2502.36,246248,159207,115775,1410,248592.38
CooperOeste,Campanha B,Anúncio 1,2074.9,262186,214635,75743,7166,2760641.97
CLAC,Campanha D,Anúncio 5,3947.28,91764,49617,16400,273,100956.76
Soma Energia,Campanha B,Anúncio 4,6070.19,454720,360714,147708,6137,3004403.15
Topnutri,Campanha D,Anúncio 5,6825.35,374271,301682,92861,9098,3234865.15
Granja Brasília,Campanha D,Anúncio 1,7371.21,403884,332316,177448,9688,3911027.39
Granja Brasília,Campanha B,Anúncio 3,6945.2,59794,36420,14962,517,66686.83
CLAC,Campanha B,Anúncio 4,8658.5,179823,107198,60583,5315,1885085.25
Prado Multiespécies,Campanha C,Anúncio 1,7927.51,398673,290667,99413,3229,1175038.02
Nutrali,Campanha A,Anúncio 3,3331.77,342167,221610,157513,13087,5401744.07
Kraemer,Campanha C,Anúncio 5,5713.22,199525,163214,72993,6194,2471022.38
Bom Jesus,Campanha B,Anúncio 4,7676.06,48865,42219,26874,845,205270.21
Bom Jesus,Campanha D,Anúncio 4,497.19,426639,328557,221171,12193,1008842.26
Copérdia,Campanha C,Anúncio 1,145.27,324992,282611,138548,6547,1659515.72
Bom Jesus,Campanha D,Anúncio 1,5949.55,98030,61108,26102,750,263476.27
Copérdia,Campanha A,Anúncio 4,5099.73,77604,63970,21803,1886,298105.16
Eurotec Group,Campanha C,Anúncio 2,9109.76,244051,122910,76961,6829,2794765.61
Palmali,Campanha D,Anúncio 3,2506.25,383842,192669,78656,5199,279710.13
Eurotec Group,Campanha B,Anúncio 5,7280.6,64053,43082,20158,1499,115659.33
Palmali,Campanha D,Anúncio 2,2258.84,194851,121419,79045,1138,479162.32
Palmali,Campanha A,Anúncio 5,7577.11,387176,240998,140669,5929,2491212.2
Granja Brasília,Campanha B,Anúncio 2,8364.85,154738,130087,53420,4136,1308773.68
Frísia,Campanha C,Anúncio 1,442.63,392724,303102,141092,8284,783809.0
Cibio,Campanha D,Anúncio 5,3358.39,317843,271488,89656,3469,1497591.45
Soma Energia,Campanha C,Anúncio 4,145.38,489586,302660,237578,8621,2766851.21
Palmali,Campanha B,Anúncio 5,1829.0,1766,1481,852,53,6023.06
Soma Energia,Campanha A,Anúncio 2,1402.38,11857,7301,3767,80,35579.79
Granja Brasília,Campanha D,Anúncio 2,1336.75,212205,115595,36991,2530,920240.45
BioSyn,Campanha B,Anúncio 2,7585.98,237881,143373,68682,4922,1441934.58
Granja Brasília,Campanha C,Anúncio 5,8555.7,414994,337508,252770,15764,5926408.65
CooperOeste,Campanha D,Anúncio 4,5107.45,271274,157224,111362,7019,3359279.21
Cibio,Campanha D,Anúncio 1,1275.1,458230,361660,159055,14482,5636879.36
Coagro,Campanha A,Anúncio 3,4802.41,241142,188328,88390,6036,1158518.87
Topnutri,Campanha B,Anúncio 5,3097.22,228750,188856,64228,2243,233844.11
Coagro,Campanha B,Anúncio 3,5776.4,429528,330459,249857,23053,2880628.79
Bom Jesus,Campanha A,Anúncio 5,9798.0,327600,189846,134387,12135,4632966.26
Topnutri,Campanha C,Anúncio 2,4964.3,463440,249602,104587,5516,2221238.54
CooperOeste,Campanha A,Anúncio 2,1145.57,388185,282386,152168,7199,1393651.19
Copérdia,Campanha D,Anúncio 3,3704.58,133051,72694,37517,3278,345062.48
BioSyn,Campanha A,Anúncio 5,8867.39,236282,152266,69645,849,281150.89
Frísia,Campanha B,Anúncio 5,6338.02,93514,81115,25130,1675,207431.59
C.Vale,Campanha C,Anúncio 4,2215.37,280241,235229,120280,7735,3585652.75
Kraemer,Campanha D,Anúncio 1,4498.74,381458,225908,85350,873,431832.46
Granja Brasília,Campanha B,Anúncio 1,8366.44,48369,42826,31119,387,130137.51
Máxima Agronegócios,Campanha D,Anúncio 4,2809.25,86987,56722,19740,1374,519959.33
Topnutri,Campanha A,Anúncio 1,6002.4,448257,302043,196873,19063,2413083.06
Máxima Agronegócios,Campanha A,Anúncio 1,5624.2,385420,251237,186994,9027,2855613.81
CooperOeste,Campanha D,Anúncio 1,9803.49,139663,89319,65275,5005,1168729.33
Coagro,Campanha A,Anúncio 4,2725.76,480278,371665,227009,13375,2346295.19
Kraemer,Campanha C,Anúncio 3,312.05,184516,132438,94272,5852,534544.8
Tacto Nutrição,Campanha B,Anúncio 1,2180.1,257458,183397,103606,5127,788413.84
Granja Brasília,Campanha B,Anúncio 1,3974.6,156232,89271,43984,2938,1029883.11
Cibio,Campanha C,Anúncio 1,9276.98,403790,293947,95036,2011,578300.01
CooperOeste,Campanha D,Anúncio 3,6704.01,378147,264782,85660,7232,1506896.99
Palmali,Campanha B,Anúncio 1,4014.87,133446,78290,30645,2000,715185.95
BioSyn,Campanha B,Anúncio 2,4285.31,180856,91828,69986,2271,321418.37
Coopavel,Campanha A,Anúncio 3,8620.31,267017,134224,71661,3800,1294645.33
Granja Brasília,Campanha A,Anúncio 3,7397.34,80861,52538,22602,1476,523447.91
Agro Rural,Campanha A,Anúncio 5,4828.86,275483,187051,97286,1455,648471.47
Coopavel,Campanha D,Anúncio 3,2296.12,342832,263491,147916,13309,3340750.99
Palmali,Campanha A,Anúncio 1,6950.95,39437,24848,19776,1340,116337.65
Heel Vet,Campanha A,Anúncio 3,3746.99,147317,125624,50169,1471,86465.66
Topnutri,Campanha D,Anúncio 2,1318.86,341468,248240,140702,7464,578848.21
Agro Rural,Campanha B,Anúncio 1,6605.04,114820,82814,52819,630,293890.84
Cibio,Campanha B,Anúncio 4,2887.17,188931,121377,58602,1468,268103.2
Copérdia,Campanha C,Anúncio 2,653.05,112730,94475,72503,1419,613621.93
Eurotec Nutrition,Campanha B,Anúncio 2,4455.86,53149,34428,12571,332,149937.91
Frísia,Campanha B,Anúncio 2,9050.86,122884,93977,67327,5246,1813875.66
Eurotec Nutrition,Campanha B,Anúncio 4,7563.76,373991,272813,195662,18771,6480527.92
Heel Vet,Campanha C,Anúncio 3,4207.77,24100,21230,15544,927,354194.77
Copérdia,Campanha B,Anúncio 3,588.94,157468,83879,58474,1548,207124.09
Frísia,Campanha D,Anúncio 1,2114.26,158617,89843,44860,2389,536579.11
Frísia,Campanha A,Anúncio 5,9928.13,423479,321081,151598,12797,2584654.39
Eurotec Group,Campanha B,Anúncio 3,2183.44,92368,75781,52874,4681,2266989.69
Agro Rural,Campanha B,Anúncio 1,9836.92,287506,240610,177489,13215,4865103.8
Fertilis,Campanha B,Anúncio 3,321.79,264004,185532,73763,4300,1354076.56
Tacto Nutrição,Campanha C,Anúncio 4,6395.51,172343,120617,47464,1233,371208.0
C.Vale,Campanha A,Anúncio 3,3634.69,441550,341977,143583,7352,3193133.53
BioSyn,Campanha B,Anúncio 2,7475.97,431338,364899,114490,3136,928099.99
Ballagro,Campanha A,Anúncio 1,991.06,154934,134160,98439,1722,435692.63
Nutrali,Campanha A,Anúncio 1,5561.47,300691,220300,150066,7591,928682.79
Copagril,Campanha A,Anúncio 3,8607.93,486356,356733,170907,6776,1448607.45
Tacto Nutrição,Campanha B,Anúncio 3,8759.22,283299,228758,109001,5365,2407401.86
Granja Brasília,Campanha B,Anúncio 4,2724.94,288747,169832,129191,5043,1676133.09
Copagril,Campanha D,Anúncio 3,2294.55,45521,34894,10991,855,238988.78
CooperOeste,Campanha A,Anúncio 4,521.92,239467,152778,95400,7190,2040358.56
Copérdia,Campanha B,Anúncio 5,3508.74,326905,232814,122292,8516,1824788.14
Copagril,Campanha D,Anúncio 2,8059.09,191919,149747,61378,5014,1900939.1
Palmali,Campanha C,Anúncio 4,2306.66,294465,176563,83628,7334,1502233.85
Palmali,Campanha A,Anúncio 3,3366.98,467229,374479,225966,14981,4511782.17
Eurotec Group,Campanha A,Anúncio 2,3200.11,489174,269921,134352,5353,919371.55
CLAC,Campanha D,Anúncio 2,954.56,421209,356690,195513,5098,2421361.32
CooperOeste,Campanha C,Anúncio 2,1842.52,202611,113489,67965,3284,1017742.66
Eurotec Nutrition,Campanha B,Anúncio 3,5894.93,48353,39137,22845,1112,127763.98
Kraemer,Campanha D,Anúncio 5,3092.73,223923,160165,116439,6485,501621.89
Coagro,Campanha A,Anúncio 1,4681.5,276247,214586,159048,13780,2909012.27
Prado Saúde Animal,Campanha C,Anúncio 1,9428.73,449419,383408,293034,4382,783220.77
CLAC,Campanha B,Anúncio 5,2286.95,471171,348022,226461,6792,1624529.65
Tacto Nutrição,Campanha A,Anúncio 5,8632.57,400657,210845,109917,8686,3078881.0
Eurotec Nutrition,Campanha B,Anúncio 5,2346.03,151465,104106,33709,3016,1166034.63
Kraemer,Campanha B,Anúncio 4,8951.83,481906,256669,83473,4049,994340.84
Fertilis,Campanha D,Anúncio 5,4976.87,418652,213460,128661,1309,371390.59
Coopavel,Campanha C,Anúncio 3,1625.0,216590,131043,58139,5634,412159.65
Granja Brasília,Campanha B,Anúncio 2,7518.62,27060,15565,8251,322,57209.96
Nutrali,Campanha B,Anúncio 2,6518.36,439840,367004,206495,3958,1031011.25
Cibio,Campanha D,Anúncio 5,8154.97,409122,291711,122320,11554,4594343.8
Frísia,Campanha B,Anúncio 5,3744.44,91877,50477,38354,3256,1524230.3
CLAC,Campanha D,Anúncio 5,8568.65,4126,3506,1313,107,13244.39
CooperOeste,Campanha B,Anúncio 3,1374.87,429890,296932,154572,9679,3324888.0
Ballagro,Campanha A,Anúncio 1,4306.1,389642,266903,118457,6463,1699414.93
Soma Energia,Campanha A,Anúncio 3,9076.61,406165,216726,97552,1536,247985.45
Fertilis,Campanha C,Anúncio 1,2137.03,215142,113594,52533,3048,437365.19
Soma Energia,Campanha C,Anúncio 2,5335.09,305803,229433,148431,2381,249480.42
Palmali,Campanha D,Anúncio 5,4083.66,93611,70610,50184,528,130702.1
Eurotec Group,Campanha C,Anúncio 3,3826.67,248544,194403,155457,8529,1187682.88
Fertilis,Campanha A,Anúncio 5,682.82,421152,271587,213891,17846,2714364.35
Fertilis,Campanha D,Anúncio 1,3090.85,57678,33700,19757,909,202365.19
Topnutri,Campanha C,Anúncio 1,9095.43,482573,335416,266452,3518,628128.08
Eurotec Nutrition,Campanha C,Anúncio 1,7347.72,273243,170299,70058,5900,2680538.11
Prado Multiespécies,Campanha B,Anúncio 5,4109.8,297624,261619,133697,6207,1842708.29
Tacto Nutrição,Campanha D,Anúncio 5,8602.17,331142,234526,148511,14490,4516545.51
Fertilis,Campanha B,Anúncio 2,8954.7,77362,63722,27680,899,57743.29
Coagro,Campanha C,Anúncio 2,3524.7,72463,55194,23611,530,213514.88
Ballagro,Campanha D,Anúncio 2,1524.96,3778,2832,935,92,21260.62
Prado Multiespécies,Campanha B,Anúncio 5,4433.73,432789,258410,105971,4124,1899330.6
Prado Saúde Animal,Campanha B,Anúncio 4,6772.92,442083,247205,155517,9987,1972853.86
Eurotec Nutrition,Campanha B,Anúncio 4,9334.82,483796,378371,152287,10822,2878140.44
Eurotec Group,Campanha D,Anúncio 3,7205.56,102486,53126,35460,1172,112405.74
Bom Jesus,Campanha B,Anúncio 3,5126.02,317377,268840,89518,5696,659964.05
Soma Energia,Campanha A,Anúncio 5,2405.17,232451,124433,57096,5392,2357768.55
Heel Vet,Campanha B,Anúncio 3,8371.18,112382,77860,32574,1594,260497.26
Granja Brasília,Campanha A,Anúncio 1,552.02,186689,97117,60628,2653,973502.47
Copérdia,Campanha D,Anúncio 4,1249.29,162964,117819,76139,828,156610.98
Copérdia,Campanha A,Anúncio 4,9208.54,90342,53674,28051,2072,983213.82
Heel Vet,Campanha D,Anúncio 2,7066.06,208230,147359,66359,2978,250718.99
Heel Vet,Campanha A,Anúncio 3,8217.6,304174,172703,88828,8747,4224154.84
Prado Multiespécies,Campanha B,Anúncio 2,7073.37,320506,262503,194298,2785,953700.09
BioSyn,Campanha D,Anúncio 1,8626.98,268495,152728,66034,5236,2018494.8
C.Vale,Campanha A,Anúncio 1,4137.28,427990,287189,139917,8075,709562.52
Prado Saúde Animal,Campanha C,Anúncio 3,3388.43,169510,96192,61571,4892,1518352.69
Ballagro,Campanha D,Anúncio 2,258.81,28743,15460,10968,541,227753.38
Coagro,Campanha D,Anúncio 2,4494.71,473296,286800,162829,7893,3201223.21
Soma Energia,Campanha B,Anúncio 5,1262.44,234338,177607,65240,4884,1423890.46
BioSyn,Campanha C,Anúncio 4,9396.33,42229,32873,26072,665,111285.3
Palmali,Campanha D,Anúncio 2,9171.59,52837,41511,17335,1015,245525.34
BioSyn,Campanha C,Anúncio 4,2044.61,35900,18737,12198,204,33461.76
Palmali,Campanha B,Anúncio 1,2259.04,381049,238581,85978,1988,363147.83
Topnutri,Campanha C,Anúncio 1,5316.85,284781,170221,134516,5860,1188562.26
Granja Brasília,Campanha D,Anúncio 2,7504.29,81591,44764,32340,1280,81453.43
Coopavel,Campanha A,Anúncio 4,1260.53,125638,78288,61123,4294,555453.31
Eurotec Nutrition,Campanha A,Anúncio 5,8741.75,55945,33654,15011,693,274777.78
Máxima Agronegócios,Campanha D,Anúncio 4,2299.67,135944,92107,34903,2126,775178.59
Fertilis,Campanha A,Anúncio 3,7438.5,232216,134073,90398,6507,965996.85
Frísia,Campanha C,Anúncio 3,3996.93,15122,13274,9997,796,159053.12
CLAC,Campanha A,Anúncio 2,7256.46,229556,204598,69105,825,401831.69
Granja Brasília,Campanha B,Anúncio 2,1431.72,218682,131645,54812,5454,480449.71
CLAC,Campanha A,Anúncio 2,1721.88,491906,247013,177518,13192,2560350.36
Máxima Agronegócios,Campanha A,Anúncio 4,9433.76,316285,160188,76796,6085,1997941.22
Topnutri,Campanha D,Anúncio 5,2006.91,339312,204822,88003,4026,1172003.51
Kraemer,Campanha B,Anúncio 1,7469.09,127420,73088,47204,4717,2178273.92
Soma Energia,Campanha C,Anúncio 2,8057.21,226762,187481,84857,1095,354317.64
Ballagro,Campanha C,Anúncio 2,9492.02,163675,129277,67939,5290,2103361.33
Tacto Nutrição,Campanha D,Anúncio 3,9820.35,243102,216746,161114,9549,2297796.8
Bom Jesus,Campanha D,Anúncio 5,9098.71,122174,106847,63615,3605,579334.98
Coopavel,Campanha D,Anúncio 2,4398.03,305332,257790,99542,3939,1968708.21
Prado Multiespécies,Campanha C,Anúncio 4,2457.14,168472,137599,107073,6905,2576029.58
Coagro,Campanha A,Anúncio 1,9431.82,96687,74528,37615,1103,222663.32
Topnutri,Campanha D,Anúncio 2,2159.57,105925,90611,51739,1705,340225.57
Prado Multiespécies,Campanha B,Anúncio 5,9802.54,51686,39165,18732,1850,838149.25
CooperOeste,Campanha B,Anúncio 4,1031.29,324122,254603,144200,7023,2859551.1
CooperOeste,Campanha D,Anúncio 1,8554.69,154405,99303,66687,2701,593660.46
Palmali,Campanha A,Anúncio 1,9082.12,347780,226462,172216,6856,2383575.97
Kraemer,Campanha D,Anúncio 3,3153.71,431793,350075,220946,14556,2080585.95
Eurotec Group,Campanha C,Anúncio 1,4134.69,33617,28933,18559,555,105214.46
Agro Rural,Campanha A,Anúncio 2,3142.6,137548,113557,68390,3108,1480181.16
Bom Jesus,Campanha D,Anúncio 2,4082.54,209117,111592,37429,2212,1001153.78
C.Vale,Campanha B,Anúncio 3,6414.23,265522,179797,126025,3380,558053.91
Topnutri,Campanha A,Anúncio 5,324.22,322629,285507,127605,6198,2327209.26
Fertilis,Campanha C,Anúncio 2,8977.86,41582,23670,13437,693,269596.93
CooperOeste,Campanha D,Anúncio 2,8683.8,167205,84927,54622,3610,1674132.55
Frísia,Campanha D,Anúncio 3,5748.29,212012,157412,58408,5754,917039.62
CLAC,Campanha D,Anúncio 4,8498.44,60261,52683,36164,1534,682539.03
Tacto Nutrição,Campanha C,Anúncio 4,3914.36,188445,131900,89625,7060,2833971.21
Copagril,Campanha D,Anúncio 4,6238.63,127118,65774,35478,476,98726.11
Cibio,Campanha D,Anúncio 5,2872.89,306569,262343,206992,16988,2668213.77
Granja Brasília,Campanha D,Anúncio 4,5977.32,200247,153630,91152,3473,176453.18
Tacto Nutrição,Campanha D,Anúncio 1,7976.59,236001,179308,135760,11084,4707468.54
Eurotec Nutrition,Campanha C,Anúncio 3,1861.13,277628,228651,140739,11519,1781418.55
CooperOeste,Campanha C,Anúncio 2,3607.55,67635,54347,21145,270,115505.02
Coagro,Campanha B,Anúncio 5,3849.3,14170,12315,9204,608,70098.06
Nutrali,Campanha D,Anúncio 2,1262.17,247537,159081,126827,10716,991302.97
Eurotec Group,Campanha D,Anúncio 1,6708.41,410409,257049,89396,4230,1313620.86
Granja Brasília,Campanha C,Anúncio 4,7267.29,210136,166460,108779,8798,4228470.37
Heel Vet,Campanha A,Anúncio 4,3677.11,488266,322251,108632,3813,1277594.15
Agro Rural,Campanha D,Anúncio 2,9264.0,183321,111953,68421,6000,1813947.79
Copérdia,Campanha A,Anúncio 2,8832.56,198533,170840,77060,3205,730856.46
Cibio,Campanha B,Anúncio 1,3455.57,64629,37336,25113,1313,350852.09
Topnutri,Campanha A,Anúncio 5,9545.06,195159,157467,114838,3962,1798898.43
Nutrali,Campanha A,Anúncio 1,1638.63,299098,236202,134717,11292,4321381.38
Eurotec Group,Campanha C,Anúncio 1,4376.96,424135,233458,107270,7596,1070670.02
Nutrali,Campanha C,Anúncio 3,8074.3,121902,78180,52248,5207,2191803.38
C.Vale,Campanha C,Anúncio 2,3026.41,151556,103581,57069,1386,599353.6
Coagro,Campanha B,Anúncio 1,8668.25,391552,310306,133735,6251,2502952.55
CLAC,Campanha C,Anúncio 4,4608.81,444816,275717,125888,10076,1044789.6
Nutrali,Campanha C,Anúncio 1,6803.76,189348,102050,44949,2200,466461.82
Nutrali,Campanha C,Anúncio 2,9043.61,28259,23287,15146,991,281747.71
Topnutri,Campanha D,Anúncio 4,8670.01,235626,155778,88179,4015,684912.4
Ballagro,Campanha D,Anúncio 2,5798.38,33243,22266,10712,148,73349.72
C.Vale,Campanha C,Anúncio 5,2907.77,42760,23889,8273,247,54078.84
Máxima Agronegócios,Campanha C,Anúncio 2,2699.18,117141,94626,61929,4728,686235.57
Palmali,Campanha B,Anúncio 2,3656.98,115312,76973,48235,493,164680.59
Ballagro,Campanha C,Anúncio 3,5491.24,100915,70507,40380,3694,1376797.9
Soma Energia,Campanha D,Anúncio 5,1786.46,64936,49647,15661,338,34606.32
Coagro,Campanha C,Anúncio 3,4980.64,34517,26895,20664,966,241522.3
Eurotec Group,Campanha D,Anúncio 3,8767.65,190447,127903,81048,1744,246631.45
Coopavel,Campanha C,Anúncio 1,9879.24,221314,153543,77245,4325,1451964.05
Agro Rural,Campanha D,Anúncio 4,130.48,404815,206339,79626,1246,393492.93
Bom Jesus,Campanha A,Anúncio 2,8223.34,13670,8429,5837,411,79948.38
Kraemer,Campanha C,Anúncio 5,4580.49,153250,105049,69074,1839,326350.03
Coopavel,Campanha D,Anúncio 2,3380.78,225770,148222,45343,874,144326.37
Palmali,Campanha A,Anúncio 1,4169.39,26903,15626,8676,126,18221.62
Kraemer,Campanha A,Anúncio 2,759.73,415809,370782,124610,8867,3301918.02
Palmali,Campanha A,Anúncio 3,5915.04,409966,207125,157665,14401,871411.84
Heel Vet,Campanha B,Anúncio 2,2140.23,186685,109965,53556,4080,1276793.4
CLAC,Campanha B,Anúncio 2,6648.14,437428,264884,176005,9033,3107625.92
Heel Vet,Campanha D,Anúncio 5,2687.08,394027,241541,88631,4918,1465716.26
Soma Energia,Campanha D,Anúncio 2,4200.37,62185,42448,17740,1308,280040.9
Copérdia,Campanha A,Anúncio 5,337.72,257358,174345,115771,9785,1778573.47
Agro Rural,Campanha C,Anúncio 4,8943.16,106373,69926,30406,949,288476.54
Kraemer,Campanha A,Anúncio 5,6656.44,20655,18252,6254,246,95985.03
C.Vale,Campanha D,Anúncio 4,7366.78,340457,179524,134027,3052,601462.12
Ballagro,Campanha D,Anúncio 1,749.85,364664,312753,110013,9164,3136509.91
Cibio,Campanha A,Anúncio 4,8686.39,244781,216815,141809,13702,6675619.39
Eurotec Nutrition,Campanha B,Anúncio 2,3694.05,328433,165688,72503,3901,743054.77
Eurotec Nutrition,Campanha A,Anúncio 2,6250.01,284079,209874,124600,5801,1388246.15
CLAC,Campanha B,Anúncio 2,3207.7,136799,121267,89616,7388,557371.57
Cibio,Campanha A,Anúncio 4,4927.79,216376,193089,105927,3468,731668.08
Frísia,Campanha A,Anúncio 3,9769.58,267659,138430,80821,5956,728661.68
Tacto Nutrição,Campanha D,Anúncio 5,1289.85,213069,143577,103169,3374,798657.9
Coagro,Campanha B,Anúncio 2,3132.8,454107,392808,299931,7986,2794601.2
Prado Multiespécies,Campanha C,Anúncio 2,7063.24,14215,8006,3289,175,19632.12
Ballagro,Campanha C,Anúncio 2,6997.19,452594,358891,271677,10384,1489237.12
Frísia,Campanha D,Anúncio 5,3826.47,69981,61617,37485,1374,579549.04
CooperOeste,Campanha C,Anúncio 5,9294.44,34162,25940,15731,1258,434393.27
Kraemer,Campanha A,Anúncio 2,3345.94,159674,110352,86340,5236,712918.56
Palmali,Campanha D,Anúncio 1,6525.99,453944,247899,152157,2284,769204.36
Máxima Agronegócios,Campanha D,Anúncio 2,6536.06,20550,13439,4496,167,18827.23
Prado Multiespécies,Campanha B,Anúncio 1,1335.8,109642,93086,29211,1279,363153.7
Prado Saúde Animal,Campanha A,Anúncio 2,5145.83,154609,99877,75575,6503,3209214.41
Eurotec Group,Campanha C,Anúncio 3,8146.05,316447,214826,72701,5091,1716450.15
Prado Saúde Animal,Campanha D,Anúncio 5,8110.69,319491,170725,127155,4517,1662574.48
Topnutri,Campanha C,Anúncio 2,3967.64,229180,153244,80086,5206,1921911.47
Ballagro,Campanha A,Anúncio 3,9126.83,227668,158095,83312,2601,471386.15
Nutrali,Campanha C,Anúncio 3,4674.39,195240,172879,124290,6347,491714.66
Soma Energia,Campanha B,Anúncio 5,5002.79,74459,55517,21785,742,181251.85
CooperOeste,Campanha D,Anúncio 2,6633.35,284564,186865,142586,3550,1396134.19
Topnutri,Campanha D,Anúncio 1,3158.85,117592,97999,64743,4527,491022.68
Máxima Agronegócios,Campanha D,Anúncio 3,6784.65,490347,276654,155441,8338,1669048.66
Agro Rural,Campanha C,Anúncio 5,4096.32,176583,107597,43597,3010,1182188.72
CooperOeste,Campanha B,Anúncio 3,127.7,23635,19220,12205,212,92835.27
Agro Rural,Campanha A,Anúncio 3,8394.53,253123,207887,95982,1308,588850.34
Ballagro,Campanha A,Anúncio 5,4546.61,39508,21421,12865,1128,152836.8
CooperOeste,Campanha A,Anúncio 4,4929.96,492019,311409,191392,5389,1788406.64
Topnutri,Campanha C,Anúncio 4,9028.38,140606,80132,63893,1881,866396.02
Bom Jesus,Campanha C,Anúncio 1,7684.61,328225,224785,156684,15483,5773502.73
Soma Energia,Campanha B,Anúncio 1,2770.59,409684,357925,136743,6604,1205057.38
Eurotec Group,Campanha B,Anúncio 5,129.04,307946,248296,169708,3125,611045.05
Eurotec Nutrition,Campanha D,Anúncio 5,6746.55,78901,52992,18990,260,103771.93
BioSyn,Campanha C,Anúncio 1,8206.45,267828,212197,129717,10270,869749.69
Prado Multiespécies,Campanha B,Anúncio 2,8996.95,11022,6896,4131,374,19672.69
Ballagro,Campanha A,Anúncio 3,6382.92,298775,242033,87695,4260,298618.82
Coagro,Campanha A,Anúncio 4,1828.88,40420,24507,15346,817,245924.95
Cibio,Campanha B,Anúncio 5,5310.58,322778,230730,135294,3965,534072.51
CLAC,Campanha A,Anúncio 2,7684.15,53170,33024,20454,501,173748.09
Ballagro,Campanha B,Anúncio 4,2847.95,81292,66499,41148,2032,849108.94
Prado Multiespécies,Campanha A,Anúncio 3,9071.69,446062,362246,213992,12929,1452581.37
CooperOeste,Campanha C,Anúncio 5,1990.48,63863,38954,20375,796,226229.36
Granja Brasília,Campanha D,Anúncio 4,1733.43,212064,117324,70780,6939,370376.24
Heel Vet,Campanha B,Anúncio 1,9950.77,47993,26275,17461,830,265404.85
Soma Energia,Campanha A,Anúncio 4,1088.84,497774,323445,133238,8896,2256523.95
Eurotec Group,Campanha D,Anúncio 1,6358.88,265848,180111,63653,2785,1130079.52
Eurotec Group,Campanha B,Anúncio 5,2421.19,45275,33643,25051,1648,699423.0
Soma Energia,Campanha A,Anúncio 3,2205.29,307640,252456,86941,2090,766253.63
Frísia,Campanha D,Anúncio 4,7548.45,367034,261385,154284,12115,3827607.52
Coopavel,Campanha A,Anúncio 2,2872.41,188593,157956,122790,10576,625140.01
Agro Rural,Campanha A,Anúncio 4,8907.07,399071,316605,165682,15421,6252089.08
Nutrali,Campanha C,Anúncio 4,684.14,24373,16773,6406,568,234056.23
Prado Saúde Animal,Campanha B,Anúncio 3,6267.88,385911,249256,168840,4530,1627153.6
Granja Brasília,Campanha D,Anúncio 3,7239.5,231021,193600,133697,3402,401708.64
Nutrali,Campanha B,Anúncio 3,7842.19,434401,333925,162758,9434,3345224.75
Máxima Agronegócios,Campanha C,Anúncio 1,9940.42,286654,238364,151844,9639,863427.1
CLAC,Campanha B,Anúncio 2,2053.44,232627,182974,87129,4625,801296.44
Prado Multiespécies,Campanha A,Anúncio 1,348.4,151671,89878,69775,5299,847968.16
Ballagro,Campanha C,Anúncio 2,535.06,390095,309051,153136,2103,746776.46
Palmali,Campanha D,Anúncio 1,1217.56,259314,179782,74015,6795,3312626.88
Frísia,Campanha D,Anúncio 2,6675.06,414903,368812,282478,25176,10682496.74
Topnutri,Campanha D,Anúncio 1,1731.81,21463,13954,9514,810,204570.72
Máxima Agronegócios,Campanha C,Anúncio 1,7668.93,494600,304588,205022,4933,333908.84
C.Vale,Campanha A,Anúncio 4,7256.48,29007,17731,13286,674,172748.52
Kraemer,Campanha A,Anúncio 5,5307.77,481713,257643,164794,15609,3568658.64
Máxima Agronegócios,Campanha A,Anúncio 5,7065.34,39768,22610,15734,839,289232.0
Coagro,Campanha A,Anúncio 4,5457.45,71055,49171,27231,1978,523009.64
Coopavel,Campanha D,Anúncio 5,6877.85,424162,325302,117413,10258,5127567.42
Prado Saúde Animal,Campanha D,Anúncio 4,5657.86,273992,198674,109777,6148,1257694.74
Copagril,Campanha B,Anúncio 2,9362.09,409694,263235,79736,7624,1853082.07
Frísia,Campanha B,Anúncio 4,1116.1,103591,66875,39531,1991,427705.74
Fertilis,Campanha B,Anúncio 3,1562.89,109367,94338,63554,1942,853490.1
Palmali,Campanha D,Anúncio 1,4345.54,409722,222819,107333,7359,2166192.12
Copérdia,Campanha A,Anúncio 4,8019.55,407109,310103,190497,9769,3763010.72
Heel Vet,Campanha A,Anúncio 4,7715.85,84313,74746,23938,1456,503774.47
Coagro,Campanha D,Anúncio 2,8171.72,460353,387101,180744,4604,964218.12
Copérdia,Campanha C,Anúncio 2,4812.17,3810,2527,1949,66,27580.02
Heel Vet,Campanha D,Anúncio 3,7474.3,405576,293408,124778,1853,215873.04
Granja Brasília,Campanha A,Anúncio 3,9192.59,10562,6582,3707,159,59868.19
Máxima Agronegócios,Campanha C,Anúncio 1,472.14,139181,89629,40399,2016,226387.69
Granja Brasília,Campanha B,Anúncio 2,1570.33,418814,351934,193289,16763,5041808.41
Coagro,Campanha B,Anúncio 2,8760.37,228989,123817,38167,980,154713.89
Coagro,Campanha D,Anúncio 5,9357.36,389479,209787,160312,3433,1098417.69
Eurotec Nutrition,Campanha C,Anúncio 4,6837.06,197535,148550,61533,2521,1092090.03
Eurotec Nutrition,Campanha D,Anúncio 1,6749.05,346750,210550,134358,5391,2406963.97
Heel Vet,Campanha A,Anúncio 1,2220.7,262498,151043,58276,4649,267977.52
Nutrali,Campanha B,Anúncio 3,7482.96,248559,149729,113696,2135,754915.87
Tacto Nutrição,Campanha B,Anúncio 4,2320.78,123106,106673,71129,822,214757.07
Eurotec Nutrition,Campanha B,Anúncio 5,6748.54,397385,225030,102221,5884,422590.59
Ballagro,Campanha B,Anúncio 1,5973.32,463917,319725,236161,15078,6057890.06
Granja Brasília,Campanha D,Anúncio 4,3018.56,65091,53507,35781,1491,411357.37
Prado Saúde Animal,Campanha C,Anúncio 2,3783.89,187651,118746,51894,561,165814.58
C.Vale,Campanha A,Anúncio 2,9654.52,455771,394900,264889,24052,4066498.62
Prado Multiespécies,Campanha A,Anúncio 3,9792.24,299619,159267,71052,1648,498656.46
Prado Saúde Animal,Campanha A,Anúncio 1,4368.37,409664,224029,72083,4287,1126330.41
Agro Rural,Campanha C,Anúncio 2,8017.93,146030,77486,25421,1431,373519.19
Nutrali,Campanha A,Anúncio 3,6598.65,148250,97601,36984,454,121372.89
Kraemer,Campanha C,Anúncio 1,3947.09,196274,160694,97469,5376,792344.07
CooperOeste,Campanha C,Anúncio 4,7325.36,447272,275549,85238,3152,1076072.71
Ballagro,Campanha C,Anúncio 3,2344.1,221082,167709,102420,5052,1755628.37
Heel Vet,Campanha D,Anúncio 4,2413.1,128361,76962,23984,1387,394159.54
Tacto Nutrição,Campanha D,Anúncio 3,8283.63,6082,5405,4075,165,42362.1
Máxima Agronegócios,Campanha D,Anúncio 1,6937.96,241611,131917,45852,3209,860712.29
Máxima Agronegócios,Campanha A,Anúncio 4,1016.04,193150,166127,88078,4471,2134783.02
Kraemer,Campanha D,Anúncio 5,7133.7,392241,235961,77055,1017,436017.6
Granja Brasília,Campanha D,Anúncio 5,3578.43,417656,365920,224588,13187,6363654.96
C.Vale,Campanha B,Anúncio 3,9296.36,317867,162249,105376,3295,738532.9
Coopavel,Campanha B,Anúncio 4,6529.48,323653,253479,158239,7859,1454698.63
C.Vale,Campanha C,Anúncio 2,1305.91,428093,308885,132739,1895,159467.13
Eurotec Group,Campanha A,Anúncio 2,4942.06,210827,128303,53243,5156,1471446.77
Coagro,Campanha C,Anúncio 3,6299.22,82330,47018,22862,546,186565.77
Bom Jesus,Campanha D,Anúncio 1,9808.13,426968,337256,159589,13420,2231488.51
Fertilis,Campanha A,Anúncio 3,2411.16,292146,203186,148989,11797,4413033.56
Soma Energia,Campanha D,Anúncio 4,1386.26,245128,217745,77596,3516,1372649.48
Ballagro,Campanha B,Anúncio 1,8577.63,402384,274273,160061,13609,4987586.02
Prado Saúde Animal,Campanha D,Anúncio 3,4682.14,174109,143405,50471,3701,1509867.56
Nutrali,Campanha C,Anúncio 2,5545.25,390697,308352,178179,4233,1690191.74
CLAC,Campanha C,Anúncio 4,9886.88,14098,11848,7072,565,58016.88
Tacto Nutrição,Campanha B,Anúncio 3,6361.79,10111,6222,3381,234,96764.04
C.Vale,Campanha C,Anúncio 5,218.09,369945,284660,186959,15743,6988642.58
Ballagro,Campanha A,Anúncio 1,3558.68,413982,362767,226991,12877,1008549.65
Prado Saúde Animal,Campanha D,Anúncio 3,1319.46,236380,127545,51040,3581,219615.95
Coopavel,Campanha D,Anúncio 5,2076.2,447813,279187,214621,7045,3497377.71
Heel Vet,Campanha B,Anúncio 4,6225.2,248570,149201,46851,3531,512904.28
Cibio,Campanha D,Anúncio 5,3468.55,349591,265621,117928,2820,714875.01
Palmali,Campanha C,Anúncio 5,3565.22,414913,371309,169917,10580,4340115.69
Coagro,Campanha A,Anúncio 4,4447.56,219143,190289,140247,2610,487598.75
CLAC,Campanha A,Anúncio 2,1410.76,320731,186155,135005,10339,3685148.52
Prado Saúde Animal,Campanha B,Anúncio 2,4607.42,413317,331782,251985,6318,1202109.18
Prado Multiespécies,Campanha D,Anúncio 4,9583.35,389693,282921,216086,15010,2080534.2
Bom Jesus,Campanha D,Anúncio 4,7969.95,304483,246276,180029,4500,1486220.99
BioSyn,Campanha C,Anúncio 2,1523.51,421125,211066,147942,13674,3867458.79
Cibio,Campanha C,Anúncio 1,4596.91,499761,292228,180870,15361,4022018.06
Soma Energia,Campanha C,Anúncio 1,9858.34,164882,108584,33913,1563,639226.84
Prado Saúde Animal,Campanha D,Anúncio 3,5207.69,380401,264762,178858,17160,8562207.36
Granja Brasília,Campanha C,Anúncio 4,239.29,457903,292028,180525,14280,3334426.79
CooperOeste,Campanha A,Anúncio 5,8041.68,32573,20574,13364,165,54370.18
Coopavel,Campanha D,Anúncio 4,2884.59,172035,121201,43872,2144,335676.95
Kraemer,Campanha C,Anúncio 5,5616.74,238082,190776,107936,10518,1911710.0
Coopavel,Campanha C,Anúncio 1,2160.13,482340,267043,90286,7563,2675491.48
Prado Saúde Animal,Campanha B,Anúncio 4,9372.73,51617,41280,21395,1328,328892.49
Máxima Agronegócios,Campanha B,Anúncio 4,5469.01,479172,417266,251086,21107,10408634.59
Eurotec Group,Campanha C,Anúncio 2,1631.44,17216,10825,5333,164,72881.12
Máxima Agronegócios,Campanha D,Anúncio 2,2484.39,473978,336321,176428,12290,1597115.96
Eurotec Nutrition,Campanha C,Anúncio 1,1142.78,340998,260116,181816,10473,4172866.09
Copagril,Campanha D,Anúncio 4,8849.7,97321,80153,48609,3028,328117.96
Kraemer,Campanha C,Anúncio 3,1884.54,320726,223277,151291,6246,2911990.86
Coopavel,Campanha C,Anúncio 2,9634.6,458500,411282,164922,3459,1551549.88
Fertilis,Campanha D,Anúncio 3,9021.05,214699,113736,50767,2962,991117.45
Kraemer,Campanha A,Anúncio 3,8154.67,169605,137236,41288,908,261886.25
Eurotec Nutrition,Campanha A,Anúncio 4,9461.54,83709,45204,23247,1687,718308.89
Kraemer,Campanha A,Anúncio 5,3713.19,245278,219563,79181,5704,1684977.64
Eurotec Nutrition,Campanha C,Anúncio 1,6526.83,132601,84257,48250,2162,537539.38
Fertilis,Campanha C,Anúncio 5,301.83,277137,205810,150888,11885,4696416.08
Ballagro,Campanha B,Anúncio 4,9357.5,195148,159578,57831,2349,376525.87
Eurotec Nutrition,Campanha B,Anúncio 2,224.1,150915,105205,57817,5507,2266107.32
Eurotec Group,Campanha A,Anúncio 3,4322.47,361610,212196,94759,8140,2343491.92
C.Vale,Campanha B,Anúncio 1,209.28,212373,124100,48809,1454,146616.99
Granja Brasília,Campanha A,Anúncio 1,4949.8,4855,4077,2525,200,67258.13
CLAC,Campanha C,Anúncio 5,4752.64,161542,106230,62864,2265,1048838.18
Heel Vet,Campanha A,Anúncio 5,7158.33,420224,250689,167954,13341,4511777.6
Eurotec Nutrition,Campanha A,Anúncio 1,8725.72,410317,240267,180989,7466,1039432.9
Copagril,Campanha D,Anúncio 5,4127.14,233993,172939,80735,1228,287046.3
Prado Saúde Animal,Campanha C,Anúncio 3,3792.58,182254,145982,92660,6611,968906.99
Prado Saúde Animal,Campanha D,Anúncio 1,7453.73,417824,230308,112005,6745,1052761.22
Heel Vet,Campanha D,Anúncio 5,8673.29,313440,202495,117097,11633,1562586.89
Eurotec Nutrition,Campanha A,Anúncio 5,6323.27,251050,214140,152253,5746,1060401.3
Granja Brasília,Campanha D,Anúncio 4,5970.27,47267,23705,10315,758,215231.03
Tacto Nutrição,Campanha B,Anúncio 2,4572.71,63376,50102,38947,981,376484.57
Coopavel,Campanha C,Anúncio 5,8178.92,69501,54979,17432,787,125082.01
Ballagro,Campanha A,Anúncio 5,2055.11,206701,154251,91753,2478,358870.88
Kraemer,Campanha A,Anúncio 5,4273.64,474255,408867,228452,17072,3975478.74
Kraemer,Campanha D,Anúncio 5,2974.53,362208,201713,136665,5358,1256637.98
Copérdia,Campanha A,Anúncio 3,9157.14,358098,310748,155626,10598,3280022.42
Eurotec Group,Campanha A,Anúncio 1,3318.44,209750,171539,79063,1418,272200.44
Copérdia,Campanha C,Anúncio 3,2841.85,45069,38163,13438,757,105741.98
CooperOeste,Campanha B,Anúncio 1,9182.89,7121,4157,2482,47,20647.09
Copagril,Campanha A,Anúncio 3,9258.34,26396,22873,9319,283,53699.59
Eurotec Nutrition,Campanha D,Anúncio 1,4883.01,468262,320676,149883,5497,2033856.39
Prado Saúde Animal,Campanha C,Anúncio 4,7469.37,31452,21789,15874,730,314227.03
CLAC,Campanha D,Anúncio 1,5975.47,107963,65718,51606,3004,1215738.32
C.Vale,Campanha A,Anúncio 1,6899.38,374576,260607,186670,16331,2018107.82
CLAC,Campanha A,Anúncio 1,9338.16,440680,328508,205036,14069,2424494.68
Prado Multiespécies,Campanha D,Anúncio 5,5295.88,262119,176136,92949,3575,1636922.35
Cibio,Campanha B,Anúncio 5,9886.18,368518,231693,139517,7827,3056543.09
Tacto Nutrição,Campanha A,Anúncio 1,6921.5,364014,211658,117939,3542,983545.73
Topnutri,Campanha B,Anúncio 4,4275.97,246949,163510,89860,5138,2185520.12
Topnutri,Campanha B,Anúncio 4,7709.54,451319,388891,139172,6312,3021843.18
Granja Brasília,Campanha D,Anúncio 3,7296.5,427814,313297,215245,7736,866553.18
Cibio,Campanha A,Anúncio 2,2367.17,215076,138612,46204,2723,238800.56
Tacto Nutrição,Campanha B,Anúncio 5,2378.68,287286,180828,104079,1441,461139.27
BioSyn,Campanha D,Anúncio 3,2954.7,160415,128869,76197,2104,452302.92
Máxima Agronegócios,Campanha A,Anúncio 2,8396.78,465214,391194,280324,7301,3095212.8
Prado Saúde Animal,Campanha B,Anúncio 4,1265.94,406416,254859,109500,2108,312528.64
Coopavel,Campanha B,Anúncio 4,7120.02,457173,294416,107243,5505,2487141.34
CLAC,Campanha D,Anúncio 4,2920.21,491833,379887,137510,10882,2833766.53
Kraemer,Campanha D,Anúncio 3,2399.9,185070,120019,69477,3260,290830.76
Copagril,Campanha C,Anúncio 5,7640.7,418253,336444,133687,3500,1196816.54
BioSyn,Campanha B,Anúncio 4,2177.03,471689,251439,109246,2291,895525.9
Tacto Nutrição,Campanha A,Anúncio 1,9654.86,433884,303219,114573,4058,1011185.49
BioSyn,Campanha C,Anúncio 3,2973.1,306459,211565,168360,16285,6644292.11
Topnutri,Campanha D,Anúncio 3,3990.73,310967,272317,128064,3507,1193580.54
Prado Saúde Animal,Campanha D,Anúncio 3,7117.49,161758,135386,85854,5204,580791.44
BioSyn,Campanha D,Anúncio 1,6795.17,495046,421026,138465,3535,1292625.05
Eurotec Nutrition,Campanha B,Anúncio 5,6613.71,345630,267062,141239,1727,463388.7
Copérdia,Campanha C,Anúncio 5,8771.6,441550,277180,127570,3099,1086269.85
Soma Energia,Campanha A,Anúncio 1,9365.82,444126,254036,198108,4916,562443.98
Cibio,Campanha C,Anúncio 3,1308.75,390884,322397,110677,4729,274967.26
Cibio,Campanha A,Anúncio 3,388.48,401562,209455,130659,11887,1701725.94
Topnutri,Campanha D,Anúncio 5,8852.06,436446,371683,274781,8598,1935828.29
Prado Saúde Animal,Campanha A,Anúncio 3,9848.03,390069,232298,156635,4765,650222.16
Granja Brasília,Campanha D,Anúncio 3,7935.96,275978,177323,70915,1836,828992.31
Soma Energia,Campanha B,Anúncio 4,2899.23,300029,188898,95883,7056,951646.64
Heel Vet,Campanha C,Anúncio 3,3822.43,319186,181573,141044,7489,966863.94
Soma Energia,Campanha A,Anúncio 5,2473.55,291943,226100,109071,5625,2439515.67
Topnutri,Campanha D,Anúncio 3,7653.3,85492,43441,27109,1365,456318.45
Cibio,Campanha A,Anúncio 2,6711.1,271160,187782,96906,6477,2491063.97
Prado Multiespécies,Campanha C,Anúncio 4,1701.64,104051,70347,24237,1110,128397.58
Cibio,Campanha C,Anúncio 4,6348.83,40050,35367,19290,752,361963.05
Ballagro,Campanha D,Anúncio 2,1057.4,393320,241096,150972,11937,661493.9
BioSyn,Campanha B,Anúncio 4,9004.83,52564,40752,29589,2084,435423.76
Eurotec Nutrition,Campanha C,Anúncio 4,772.55,228814,155794,54188,1234,202474.67
Prado Saúde Animal,Campanha D,Anúncio 1,6214.13,124193,80275,40512,2021,680394.33
Cibio,Campanha A,Anúncio 2,9748.74,149546,117434,56962,4306,1455196.43
Frísia,Campanha A,Anúncio 1,486.62,348793,190478,105957,5848,2812826.23
Soma Energia,Campanha D,Anúncio 3,9858.72,134861,92504,28615,2747,284465.75
Heel Vet,Campanha D,Anúncio 5,7234.57,302771,164673,124423,1346,535549.3
Copagril,Campanha C,Anúncio 5,7843.38,6940,5099,1838,91,35327.0
Kraemer,Campanha D,Anúncio 1,1132.29,142074,94102,54487,4683,1440688.62
Frísia,Campanha B,Anúncio 1,2493.67,348164,302402,188573,16942,3415157.35
Soma Energia,Campanha B,Anúncio 3,5798.81,88391,70372,44965,897,433672.87
Coopavel,Campanha B,Anúncio 3,7652.92,427838,235357,159740,1857,881641.97
C.Vale,Campanha A,Anúncio 2,1642.71,446946,239007,187363,7610,3178654.39
Topnutri,Campanha A,Anúncio 1,1523.61,141146,87609,60763,5600,2306880.39
Tacto Nutrição,Campanha A,Anúncio 4,2917.76,192125,114679,90661,7430,2835852.02
Agro Rural,Campanha D,Anúncio 5,5190.71,382898,321599,152975,3059,312624.38
Prado Saúde Animal,Campanha A,Anúncio 3,4134.44,214273,121293,36657,3013,1415189.26
Coopavel,Campanha D,Anúncio 2,4349.25,299251,240822,84594,2269,708064.11
Topnutri,Campanha D,Anúncio 2,3644.47,8001,6074,2014,22,3563.64
Soma Energia,Campanha B,Anúncio 3,203.98,377528,301460,122999,4146,1964435.9
Copagril,Campanha C,Anúncio 2,6857.46,465566,393389,124676,2189,1063400.92
BioSyn,Campanha D,Anúncio 5,8276.83,416445,365590,227777,14197,2051302.93
CooperOeste,Campanha D,Anúncio 2,3472.71,402185,262902,118925,2971,217327.34
Agro Rural,Campanha C,Anúncio 5,5265.48,15642,7875,3996,70,12629.08
Heel Vet,Campanha D,Anúncio 5,401.24,331242,185161,98932,1333,596436.93
Agro Rural,Campanha C,Anúncio 3,1610.82,353910,291595,120468,9466,817866.37
Nutrali,Campanha C,Anúncio 1,4085.13,476081,246039,142183,11083,3413106.78
Fertilis,Campanha B,Anúncio 5,5933.07,57175,33180,19598,532,256668.84
Frísia,Campanha A,Anúncio 4,6156.78,493460,369662,289336,7931,2165411.78
Máxima Agronegócios,Campanha C,Anúncio 2,844.02,219254,115944,83621,5412,2178966.89
Máxima Agronegócios,Campanha B,Anúncio 1,6653.56,287246,212377,76653,3054,487908.74
BioSyn,Campanha B,Anúncio 3,8688.04,91808,80175,29358,464,53295.97
Agro Rural,Campanha D,Anúncio 4,4245.91,71883,53241,35199,2273,467251.83
Heel Vet,Campanha A,Anúncio 5,7616.73,1057,697,481,19,6209.47
CLAC,Campanha A,Anúncio 2,5991.97,322357,240748,96281,1229,536939.93
Palmali,Campanha C,Anúncio 5,6198.65,367991,315139,234576,6442,1943139.27
CooperOeste,Campanha D,Anúncio 4,2468.72,21695,17729,6032,273,45413.02
CooperOeste,Campanha A,Anúncio 3,8486.51,365308,260907,106945,2363,829039.87
Nutrali,Campanha C,Anúncio 2,1795.87,240293,134355,60255,4631,1662711.46
Prado Saúde Animal,Campanha B,Anúncio 4,1392.43,63351,53204,23162,487,63160.34
Prado Multiespécies,Campanha C,Anúncio 3,138.93,217131,138170,63396,2606,612798.19
Nutrali,Campanha C,Anúncio 3,5723.13,51382,30928,16695,698,278323.24
BioSyn,Campanha B,Anúncio 5,5816.12,314265,231228,78283,2783,303494.93
Prado Saúde Animal,Campanha C,Anúncio 2,2981.89,190772,136826,68512,6057,1232288.27
BioSyn,Campanha C,Anúncio 2,9213.33,384546,200804,114205,4108,1471863.43
Coopavel,Campanha D,Anúncio 2,1784.64,243129,162936,72172,4688,802935.79
Eurotec Nutrition,Campanha C,Anúncio 4,2798.52,488492,289322,230467,15912,2452289.7
C.Vale,Campanha A,Anúncio 2,8743.14,113939,63458,37954,2984,951658.17
Bom Jesus,Campanha A,Anúncio 5,2638.68,269721,157155,121038,5981,632217.17
Nutrali,Campanha D,Anúncio 1,1674.14,354848,302769,149066,6142,681968.98
Nutrali,Campanha A,Anúncio 3,8661.59,392557,339787,210899,6462,2237606.82
Tacto Nutrição,Campanha B,Anúncio 5,6426.76,174531,139831,53580,2745,1145408.07
Tacto Nutrição,Campanha C,Anúncio 5,7449.5,203479,175190,86160,1451,484375.92
Palmali,Campanha C,Anúncio 4,7807.92,158682,117457,92788,5370,2578624.76
C.Vale,Campanha A,Anúncio 1,5160.89,293170,242527,78111,3021,338189.0
Heel Vet,Campanha A,Anúncio 5,7964.76,14892,13070,5845,561,234699.08
Topnutri,Campanha C,Anúncio 1,4380.64,147504,118626,89447,5302,656185.12
Copérdia,Campanha C,Anúncio 3,3962.81,357685,206205,63586,4429,1212907.38
Granja Brasília,Campanha C,Anúncio 3,4194.36,248952,166110,118226,9001,780846.27
Copérdia,Campanha C,Anúncio 1,4870.5,268220,180899,126504,6085,474885.73
Prado Saúde Animal,Campanha B,Anúncio 5,3886.82,178228,132034,44865,1480,595999.71
Nutrali,Campanha A,Anúncio 1,3538.06,85436,76044,48933,1996,924287.06
Fertilis,Campanha B,Anúncio 2,9838.33,411249,344307,219222,12761,5998957.83
Topnutri,Campanha D,Anúncio 1,9088.71,336914,281280,177298,5938,806779.22
Coopavel,Campanha C,Anúncio 4,1127.06,303616,216846,74774,6104,1335523.83
Soma Energia,Campanha C,Anúncio 4,4424.0,348517,306823,201995,15969,1582709.94
Copérdia,Campanha D,Anúncio 2,9317.54,351982,246693,177187,12109,1921223.3
Eurotec Group,Campanha D,Anúncio 2,7045.62,199950,124332,59362,2144,550996.41
Copagril,Campanha B,Anúncio 5,3915.82,32080,21067,8789,779,212836.83
Máxima Agronegócios,Campanha B,Anúncio 2,8607.0,332075,294385,150228,6997,1087276.48
Copagril,Campanha A,Anúncio 1,9841.84,481117,406060,207692,16021,3444896.89
Prado Multiespécies,Campanha C,Anúncio 1,4203.99,65218,51722,33295,2646,669550.09
Bom Jesus,Campanha A,Anúncio 2,8546.79,391558,215559,125732,6213,910877.24
CLAC,Campanha D,Anúncio 4,4101.08,229652,197877,98585,8736,2857177.83
Cibio,Campanha D,Anúncio 4,7018.82,187396,107292,49227,3173,1330563.66
Frísia,Campanha D,Anúncio 4,4515.72,1736,1487,856,56,13064.74
Cibio,Campanha D,Anúncio 5,8032.24,348447,301635,205181,10051,3131646.4
Frísia,Campanha C,Anúncio 5,7513.91,58752,40272,14584,809,311922.91
Eurotec Group,Campanha C,Anúncio 3,1536.61,1012,700,212,14,2595.22
Frísia,Campanha D,Anúncio 4,7342.66,329426,187939,114511,9413,942967.71
Palmali,Campanha D,Anúncio 5,2275.63,442606,225557,147101,11819,4294910.31
Eurotec Group,Campanha C,Anúncio 1,4116.92,175143,118198,39737,2100,838977.1
Máxima Agronegócios,Campanha A,Anúncio 2,5910.62,318847,253067,196342,18413,8315125.85
Cibio,Campanha C,Anúncio 2,5850.28,393111,310831,192078,18456,1126140.31
Copagril,Campanha D,Anúncio 4,8944.01,351444,276305,114643,3651,202607.17
Soma Energia,Campanha C,Anúncio 1,3705.32,159501,135755,103635,5017,1474792.67
Tacto Nutrição,Campanha D,Anúncio 2,5656.54,447230,261917,127298,9599,3243554.04
Topnutri,Campanha C,Anúncio 1,8164.01,10286,7029,2484,120,40370.38
Máxima Agronegócios,Campanha C,Anúncio 4,8597.92,456566,383359,252886,23250,1380196.4
Máxima Agronegócios,Campanha B,Anúncio 4,5012.21,136137,103248,33435,1112,327563.94
Eurotec Nutrition,Campanha C,Anúncio 3,6051.83,409972,250850,141140,2880,211626.24
Copagril,Campanha C,Anúncio 5,4348.15,441901,368577,283900,27559,1975158.09
BioSyn,Campanha B,Anúncio 5,922.27,485854,365019,125462,1679,396541.96
Kraemer,Campanha C,Anúncio 3,2242.52,405477,334534,188751,2772,152785.28
Kraemer,Campanha D,Anúncio 4,1672.01,495171,384022,203375,14896,6434138.36
Cibio,Campanha A,Anúncio 4,6656.67,49067,39056,16582,876,310342.31
Máxima Agronegócios,Campanha D,Anúncio 4,8537.38,445973,385597,258674,22902,3980288.2
Heel Vet,Campanha D,Anúncio 4,387.54,205260,183995,101169,2134,128319.41
BioSyn,Campanha A,Anúncio 1,2139.92,306902,256649,116131,6005,1409359.64
CooperOeste,Campanha B,Anúncio 2,5321.93,308345,222475,136776,7553,1307578.22
Frísia,Campanha B,Anúncio 3,2305.42,276277,196863,74466,2642,639214.85
CLAC,Campanha B,Anúncio 5,8675.78,236127,167060,91567,3404,444578.23
C.Vale,Campanha C,Anúncio 1,7354.74,27162,14214,7958,154,71085.8
Prado Saúde Animal,Campanha B,Anúncio 5,6782.99,496629,265072,199306,9278,2598781.73
Tacto Nutrição,Campanha A,Anúncio 1,8430.28,87123,73224,44432,2594,706259.99
Eurotec Group,Campanha A,Anúncio 5,9826.98,125856,105859,57554,3566,1443690.11
Granja Brasília,Campanha A,Anúncio 1,9955.76,494592,374999,228595,13306,3612792.4
C.Vale,Campanha B,Anúncio 1,7850.29,424901,252219,93120,1010,86961.76
Nutrali,Campanha C,Anúncio 4,6448.62,203133,159319,100254,2026,919435.3
Fertilis,Campanha C,Anúncio 3,1612.51,107728,81233,25770,1274,257881.33
Frísia,Campanha A,Anúncio 3,6940.48,493284,381257,262461,20075,6977403.82
BioSyn,Campanha C,Anúncio 3,7295.64,134887,85649,27494,1432,196572.89
C.Vale,Campanha A,Anúncio 5,6075.0,264981,172324,100757,6258,1833047.01
Soma Energia,Campanha A,Anúncio 5,7968.24,43854,24013,16735,1390,205352.53
Bom Jesus,Campanha C,Anúncio 5,7266.78,436964,245552,150786,10352,1511059.78
Ballagro,Campanha C,Anúncio 3,5613.53,373398,299744,202486,18710,5281096.56
Frísia,Campanha B,Anúncio 2,2110.84,230879,194811,115110,2585,1042047.23
Copérdia,Campanha B,Anúncio 3,337.75,300353,184446,109855,10314,5067514.3
Soma Energia,Campanha B,Anúncio 2,2154.87,88586,46276,23179,1489,679171.67
Máxima Agronegócios,Campanha D,Anúncio 4,7736.34,118096,71219,53246,756,253862.27
Tacto Nutrição,Campanha A,Anúncio 5,1053.96,128588,91958,37489,1422,366511.79
Topnutri,Campanha C,Anúncio 5,6118.61,171365,144384,90435,4137,396237.19
Cibio,Campanha B,Anúncio 1,2741.48,377621,203949,92023,2512,1067800.6
Bom Jesus,Campanha B,Anúncio 3,1382.88,299292,265129,159370,6229,2560650.76
Agro Rural,Campanha B,Anúncio 5,6705.43,378190,216136,104595,7708,1958368.17
Soma Energia,Campanha D,Anúncio 2,8319.16,183248,124576,38969,3845,1822542.39
Copagril,Campanha D,Anúncio 4,5849.63,467444,298324,223663,15450,3876376.1
Nutrali,Campanha D,Anúncio 5,482.81,251053,130624,89721,6432,730065.92
Coagro,Campanha B,Anúncio 1,8799.38,59782,42049,27551,1054,220201.38
Palmali,Campanha B,Anúncio 5,7238.89,81254,57759,27857,669,159694.66
Kraemer,Campanha A,Anúncio 3,8133.07,152903,125577,96979,984,92228.98
Fertilis,Campanha A,Anúncio 4,7134.08,113991,66387,30940,616,224823.69
Bom Jesus,Campanha D,Anúncio 5,6535.4,368528,276533,89148,5908,743790.32
BioSyn,Campanha A,Anúncio 1,5789.86,178324,120664,85675,7381,1705470.79
Kraemer,Campanha B,Anúncio 3,4904.85,441193,255357,138139,7182,2672129.99
Prado Saúde Animal,Campanha A,Anúncio 4,5037.01,193060,128205,69818,890,229817.49
Kraemer,Campanha D,Anúncio 5,8463.51,159744,104981,72997,5375,2411808.95
Kraemer,Campanha B,Anúncio 4,2460.24,121808,81765,42752,3451,1382399.21
Bom Jesus,Campanha B,Anúncio 3,4399.83,486156,420646,126662,10627,3658508.31
Máxima Agronegócios,Campanha D,Anúncio 4,5900.21,235852,157913,54066,3169,666696.36
Ballagro,Campanha B,Anúncio 4,8582.28,307994,222870,152268,2731,159877.09
C.Vale,Campanha C,Anúncio 2,9702.58,160237,91182,58440,3163,175912.95
Copérdia,Campanha A,Anúncio 3,8000.49,495342,395229,119479,6283,1487448.03
Kraemer,Campanha B,Anúncio 2,3544.01,386355,204619,69231,1013,351334.44
C.Vale,Campanha C,Anúncio 2,7368.34,20497,12436,5103,372,156795.82
Máxima Agronegócios,Campanha D,Anúncio 4,8045.39,447382,366522,146635,3724,300351.3
Granja Brasília,Campanha A,Anúncio 5,9133.13,422022,239115,184852,10508,4203693.57
CLAC,Campanha C,Anúncio 4,9964.98,255065,169892,58821,5397,296100.06
Tacto Nutrição,Campanha D,Anúncio 2,5756.12,100258,53313,32459,2200,750867.96
Agro Rural,Campanha A,Anúncio 1,6533.11,455541,358954,152020,6089,1876776.56
CLAC,Campanha A,Anúncio 2,9699.89,131108,115736,51420,2094,731737.17
Frísia,Campanha D,Anúncio 2,6594.2,369802,268146,197319,11402,4972580.11
Coopavel,Campanha A,Anúncio 5,8346.74,36551,25666,18815,1674,327512.19
BioSyn,Campanha C,Anúncio 5,4511.59,278371,179399,141323,10505,4954100.33
Coagro,Campanha D,Anúncio 3,7100.46,45031,32639,23300,797,107925.71
Tacto Nutrição,Campanha A,Anúncio 5,6026.68,199021,119228,60207,4553,1911658.42
Granja Brasília,Campanha C,Anúncio 5,5513.01,116148,81301,51491,4120,346413.14
Prado Saúde Animal,Campanha D,Anúncio 4,9587.22,414408,328504,127275,5406,1634583.84
CooperOeste,Campanha B,Anúncio 2,7842.21,25360,13792,6168,355,130729.46
Soma Energia,Campanha A,Anúncio 5,3871.2,167304,102777,64659,1439,555415.15
Ballagro,Campanha A,Anúncio 2,7214.65,403719,264572,108525,4008,1638486.21
Heel Vet,Campanha B,Anúncio 4,7925.5,58028,30465,18597,1002,273357.71
BioSyn,Campanha D,Anúncio 4,1350.95,386332,273024,209921,15688,5205450.08
Eurotec Nutrition,Campanha A,Anúncio 1,9546.53,205784,109240,49788,1126,158767.72
CooperOeste,Campanha D,Anúncio 3,2270.61,179613,126464,50483,3281,833368.32
Frísia,Campanha C,Anúncio 2,3914.88,148234,77827,61094,5305,2464870.13
Fertilis,Campanha A,Anúncio 5,456.79,395255,319584,252089,22308,11032735.4
Eurotec Group,Campanha B,Anúncio 3,7437.41,496322,282554,173587,12439,5918709.67
Eurotec Group,Campanha C,Anúncio 2,9066.18,115227,58419,26949,1061,298393.86
Agro Rural,Campanha A,Anúncio 5,865.75,294753,191824,83736,6344,1228058.71
Copérdia,Campanha B,Anúncio 2,3315.86,419227,315156,220278,19694,2390205.03
Agro Rural,Campanha D,Anúncio 2,9154.98,325743,239290,173892,15648,6132490.33
CooperOeste,Campanha A,Anúncio 4,8125.9,304479,230490,91540,7407,1920181.72
Cibio,Campanha C,Anúncio 1,1860.02,68387,44134,29164,2665,822307.78
CooperOeste,Campanha C,Anúncio 4,2954.86,265630,218822,135574,10430,4744843.37
Fertilis,Campanha D,Anúncio 3,3445.46,93056,49384,36896,2284,574614.97
C.Vale,Campanha C,Anúncio 4,3496.61,233671,127560,81506,7346,3038314.96
C.Vale,Campanha A,Anúncio 3,1680.11,81606,64112,41662,4128,609094.51
Frísia,Campanha C,Anúncio 5,462.99,92917,53179,30273,1064,185180.01
Máxima Agronegócios,Campanha B,Anúncio 1,7406.71,86338,58553,44440,1943,858918.44
Prado Saúde Animal,Campanha A,Anúncio 5,9442.62,415091,362239,197734,3672,1389060.07
Heel Vet,Campanha B,Anúncio 5,209.73,314340,260380,135113,9317,4526447.13
Eurotec Group,Campanha A,Anúncio 1,2954.43,363597,295058,149482,4539,1963050.93
Coagro,Campanha A,Anúncio 2,8246.35,44981,25558,17328,1273,331732.23
Topnutri,Campanha B,Anúncio 2,9981.26,487152,436872,268579,26046,8108436.1
Nutrali,Campanha A,Anúncio 4,7341.04,300126,172247,72595,2310,980032.46
Kraemer,Campanha A,Anúncio 4,640.19,171945,146183,81362,7444,3344603.62
Eurotec Group,Campanha D,Anúncio 2,9664.38,230283,177510,110969,4938,1469226.6
Palmali,Campanha C,Anúncio 2,9352.82,482043,300624,135990,3247,1060953.99
Frísia,Campanha C,Anúncio 5,4960.11,357092,299485,101634,8834,776353.47
Bom Jesus,Campanha C,Anúncio 5,1705.78,130967,101523,53204,1821,154926.48
Coagro,Campanha A,Anúncio 1,4144.36,38906,27441,8768,383,138387.49
CooperOeste,Campanha C,Anúncio 5,1656.45,27073,17227,11205,196,12635.72
Topnutri,Campanha B,Anúncio 5,1287.73,401083,264821,185487,12794,3859270.01
CooperOeste,Campanha A,Anúncio 3,6307.06,94802,76038,38791,3190,939021.37
Ballagro,Campanha D,Anúncio 2,8372.95,489935,370949,275876,5348,1024554.79
Máxima Agronegócios,Campanha C,Anúncio 5,7025.62,142057,81283,48031,2276,930982.79
Ballagro,Campanha A,Anúncio 4,8685.24,325454,213747,145635,9755,949397.75
Topnutri,Campanha D,Anúncio 5,6795.91,119801,107413,61103,5412,1067655.65
Cibio,Campanha B,Anúncio 1,3217.04,376432,239525,177314,10835,5296429.61
Coopavel,Campanha A,Anúncio 2,1807.41,395961,258114,84808,7286,972725.1
Ballagro,Campanha C,Anúncio 3,3500.34,414636,357416,246348,13541,3459510.03
Soma Energia,Campanha B,Anúncio 2,8653.56,374101,329978,246357,9709,4449697.71
Nutrali,Campanha D,Anúncio 4,7586.41,163046,129993,95080,5386,1575400.79
CooperOeste,Campanha C,Anúncio 2,6523.15,77136,50426,26081,2287,115631.57
Soma Energia,Campanha C,Anúncio 3,4859.71,36449,26014,20805,1751,269162.93
Bom Jesus,Campanha A,Anúncio 4,9735.37,210430,122198,76836,5125,1238434.2
Agro Rural,Campanha B,Anúncio 2,3643.19,113993,60975,33124,1140,120427.22
Agro Rural,Campanha D,Anúncio 1,1628.06,378469,329291,256043,21631,4963527.13
Palmali,Campanha A,Anúncio 4,7616.25,444049,313526,200262,3741,1540965.04
Prado Multiespécies,Campanha B,Anúncio 1,1028.48,380605,219105,65783,5337,542851.42
Agro Rural,Campanha B,Anúncio 1,3548.15,73441,46225,33060,2770,874210.38
Copérdia,Campanha A,Anúncio 5,2509.85,421660,248664,116122,9385,2590572.6
Kraemer,Campanha A,Anúncio 2,8039.18,475080,316821,145030,12128,3452634.3
Copagril,Campanha B,Anúncio 3,514.9,37476,22609,12722,703,38632.55
Soma Energia,Campanha D,Anúncio 5,4962.07,244642,128599,82736,2215,1039481.51
Soma Energia,Campanha B,Anúncio 3,8524.7,211112,180638,74429,2132,690024.06
Coagro,Campanha B,Anúncio 5,8385.35,451449,357715,140565,10331,2013402.35
Eurotec Nutrition,Campanha D,Anúncio 2,9542.42,15269,11333,4564,355,52088.48
Coagro,Campanha D,Anúncio 3,3601.53,356877,229741,129927,2828,590639.29
Granja Brasília,Campanha C,Anúncio 2,1571.4,198359,164399,77317,5079,1709673.74
CooperOeste,Campanha B,Anúncio 2,3946.94,227368,129028,71505,5981,445731.65
Granja Brasília,Campanha D,Anúncio 2,5085.48,66475,52752,21978,533,194702.64
Soma Energia,Campanha A,Anúncio 1,9223.49,358048,221156,175191,16068,6518432.23
Palmali,Campanha B,Anúncio 4,9690.87,168288,150453,93662,1912,356596.37
CooperOeste,Campanha B,Anúncio 4,9684.98,483677,304950,200455,6456,801330.09
C.Vale,Campanha A,Anúncio 4,7636.05,6476,4089,2305,193,55752.75
BioSyn,Campanha B,Anúncio 3,9411.54,96082,71035,27476,2260,612581.14
Coagro,Campanha D,Anúncio 4,4357.13,476333,388437,175163,9614,809724.31
Ballagro,Campanha A,Anúncio 2,5859.6,458674,368883,113315,9459,2335037.38
Palmali,Campanha D,Anúncio 5,3648.31,235671,181034,111701,7908,1444683.4
Soma Energia,Campanha C,Anúncio 3,5183.16,240620,215885,119768,4562,917185.71
Máxima Agronegócios,Campanha B,Anúncio 4,9686.82,403429,306052,92424,2055,639293.38
Nutrali,Campanha C,Anúncio 4,133.93,387090,346085,115961,11547,1936662.29
Eurotec Group,Campanha B,Anúncio 5,8853.65,144950,75276,25415,1581,155813.77
Tacto Nutrição,Campanha D,Anúncio 1,7150.85,469042,297188,229597,21698,5098909.3
CLAC,Campanha D,Anúncio 1,4221.72,98965,66080,28978,988,361250.45
CooperOeste,Campanha A,Anúncio 4,9295.38,132961,72130,36000,2980,1178763.07
Coagro,Campanha D,Anúncio 3,9755.34,213400,145500,49122,3832,1157765.88
C.Vale,Campanha D,Anúncio 2,3612.29,485458,347520,198976,15330,3560645.4
Eurotec Group,Campanha C,Anúncio 5,5033.67,196753,124998,46019,4587,355414.59
Fertilis,Campanha A,Anúncio 2,6456.38,180415,140416,58793,862,356648.33
Topnutri,Campanha B,Anúncio 4,2026.77,310813,158506,111981,10862,5023377.01
Topnutri,Campanha B,Anúncio 1,8190.53,460066,328410,138734,10731,3656161.66
CooperOeste,Campanha D,Anúncio 1,9583.95,210136,168357,133338,10080,676870.76
Granja Brasília,Campanha B,Anúncio 2,8484.22,355493,219799,101200,6283,1320995.28
CooperOeste,Campanha B,Anúncio 1,174.67,68738,57682,20857,1042,339704.18
Eurotec Group,Campanha C,Anúncio 5,3235.14,417594,331058,211526,5017,1256458.15
Ballagro,Campanha C,Anúncio 2,1693.47,57528,43446,18877,296,22388.62
C.Vale,Campanha C,Anúncio 2,7425.24,343955,306209,220823,7620,3300215.45
Coopavel,Campanha C,Anúncio 1,9423.57,231351,177732,103245,1785,216941.43
CooperOeste,Campanha D,Anúncio 5,5567.24,442237,236069,125400,12074,4675774.74
Kraemer,Campanha B,Anúncio 2,9797.61,149671,96937,48004,4520,320639.38
Tacto Nutrição,Campanha A,Anúncio 3,2980.14,245122,202915,126375,1802,320193.24
Coagro,Campanha D,Anúncio 4,9508.81,329032,249057,87130,7771,3560398.57
Coagro,Campanha A,Anúncio 2,3020.68,481428,364126,161164,13214,2097354.28
CooperOeste,Campanha B,Anúncio 4,4468.33,228535,194517,76302,4292,934740.14
Coopavel,Campanha B,Anúncio 1,2582.05,255702,191186,82613,8052,2493095.59
Fertilis,Campanha A,Anúncio 4,4544.41,235306,191714,104174,6954,2386731.28
Fertilis,Campanha A,Anúncio 4,4237.85,244916,190107,93023,8279,2513730.35
Agro Rural,Campanha D,Anúncio 3,7837.56,399366,276532,135099,9092,1712395.97
Prado Multiespécies,Campanha A,Anúncio 4,5449.46,437326,312207,127564,10614,2750945.31
Eurotec Nutrition,Campanha D,Anúncio 4,2416.08,403730,345041,241628,9657,3781318.73
Copagril,Campanha D,Anúncio 1,6539.23,173659,100776,63558,4263,442086.53
C.Vale,Campanha C,Anúncio 5,736.07,306638,219683,171540,10756,4603841.6
Prado Multiespécies,Campanha B,Anúncio 1,727.04,278391,244930,90523,1554,519240.78
Prado Multiespécies,Campanha D,Anúncio 5,8031.74,55782,34138,24789,663,245519.9
Tacto Nutrição,Campanha D,Anúncio 1,2353.24,190298,129886,44997,3137,562311.35
Prado Saúde Animal,Campanha B,Anúncio 5,4286.36,322464,255572,140761,11294,2705073.28
Cibio,Campanha C,Anúncio 5,4651.96,65240,49287,27639,2537,460675.57
Prado Saúde Animal,Campanha C,Anúncio 4,6158.15,493588,298180,179351,14115,4532851.87
Kraemer,Campanha A,Anúncio 3,5532.94,170262,85754,29003,773,237723.58
C.Vale,Campanha D,Anúncio 3,5245.31,152763,111787,76021,5761,704574.7
C.Vale,Campanha A,Anúncio 4,4428.82,217296,131132,49818,4565,1283548.84
C.Vale,Campanha B,Anúncio 2,6694.95,365431,268293,137094,8335,4059980.81
Palmali,Campanha B,Anúncio 4,6344.49,312959,204103,126550,6526,3097493.5
Eurotec Nutrition,Campanha D,Anúncio 1,7678.83,456004,320383,253003,21651,5437851.24
Coagro,Campanha A,Anúncio 2,1411.32,51926,33268,10152,223,98251.98
BioSyn,Campanha B,Anúncio 2,7941.31,137063,95408,59057,1757,486745.12
Bom Jesus,Campanha A,Anúncio 3,2962.05,75869,67675,42409,1910,299875.97
Copagril,Campanha D,Anúncio 3,6396.48,360008,247037,136161,11022,4698745.89
Heel Vet,Campanha D,Anúncio 1,8210.42,462336,303858,210756,2498,748005.53
Copagril,Campanha B,Anúncio 3,2216.26,168349,102695,60381,5695,974293.56
Copérdia,Campanha A,Anúncio 4,2700.31,294489,190411,112564,1594,547664.13
Eurotec Nutrition,Campanha C,Anúncio 3,745.23,439426,379708,265745,20894,3798290.3
Soma Energia,Campanha A,Anúncio 2,8444.84,93624,63900,20441,552,85868.01
Copagril,Campanha A,Anúncio 3,2775.59,233386,176824,80088,1404,112291.05
Coagro,Campanha A,Anúncio 3,2686.81,484247,285903,124910,8110,1890692.29
CLAC,Campanha A,Anúncio 5,9769.33,107035,62424,23394,727,344061.04
Topnutri,Campanha C,Anúncio 2,5871.21,408817,250626,131068,9300,2296646.0
Granja Brasília,Campanha A,Anúncio 4,4960.77,144746,85986,63141,2189,646288.84
CooperOeste,Campanha A,Anúncio 4,7214.69,322637,202196,124810,10957,2552544.81
Copérdia,Campanha D,Anúncio 3,6143.63,328526,262423,192435,13205,5950714.4
Bom Jesus,Campanha C,Anúncio 3,444.0,301112,206540,120770,6529,1260781.75
Bom Jesus,Campanha C,Anúncio 3,6186.94,143946,78600,32382,3109,309849.35
Copagril,Campanha C,Anúncio 3,7398.99,85251,46161,29829,2720,316302.14
Heel Vet,Campanha D,Anúncio 1,2543.22,438536,244342,128452,10393,882303.14
Frísia,Campanha D,Anúncio 2,3446.41,295884,255328,89386,1887,860070.36
Topnutri,Campanha C,Anúncio 5,8043.13,394252,333223,154542,10794,2301957.96
Prado Saúde Animal,Campanha A,Anúncio 1,9118.12,23504,14073,5030,306,59616.88
Eurotec Nutrition,Campanha A,Anúncio 4,611.73,179042,116233,67589,6530,1297860.71
Tacto Nutrição,Campanha C,Anúncio 4,9385.57,278135,170655,103041,7489,2980566.99
Cibio,Campanha C,Anúncio 1,9509.3,428344,367706,127277,12718,5059762.12
Granja Brasília,Campanha B,Anúncio 3,9258.31,410779,339098,172337,5940,2528267.68
Granja Brasília,Campanha C,Anúncio 1,4858.38,271232,219041,90569,2943,1307194.76
Prado Multiespécies,Campanha B,Anúncio 4,473.21,166304,112568,82717,4824,1385681.75
Agro Rural,Campanha D,Anúncio 3,5753.21,79717,60541,30687,2574,204037.92
Eurotec Group,Campanha A,Anúncio 5,5217.62,77098,65434,22747,1509,713919.76
Copagril,Campanha B,Anúncio 2,2609.5,150198,132742,101262,9228,2071841.31
Prado Multiespécies,Campanha A,Anúncio 3,1721.48,470864,366155,180204,14839,1612336.34
Copagril,Campanha D,Anúncio 4,5436.41,346567,206789,101716,6346,1586671.58
Eurotec Nutrition,Campanha A,Anúncio 3,9192.89,87606,72093,36039,2894,1404048.08
Palmali,Campanha B,Anúncio 2,6311.32,261182,155222,114152,10554,628926.84
C.Vale,Campanha D,Anúncio 1,7471.39,87567,69712,33297,3000,941590.46
Copérdia,Campanha D,Anúncio 1,5700.64,46693,39013,28409,1772,476262.58
Agro Rural,Campanha B,Anúncio 3,2381.08,54028,46924,33563,1537,197446.22
Heel Vet,Campanha C,Anúncio 1,7233.59,133258,89496,37906,3236,1198263.61
Máxima Agronegócios,Campanha B,Anúncio 3,5686.24,223160,125486,56794,2759,1229799.44
BioSyn,Campanha C,Anúncio 2,6112.88,425112,238595,137055,5303,959753.19
Coopavel,Campanha D,Anúncio 5,3121.88,189956,110370,43597,872,65681.04
Eurotec Group,Campanha C,Anúncio 2,7642.61,434274,344367,103769,4466,453075.73
Agro Rural,Campanha A,Anúncio 3,2485.78,445584,399387,128211,10849,4261859.88
Máxima Agronegócios,Campanha C,Anúncio 1,7957.69,250389,142376,71742,2973,1184498.42
Topnutri,Campanha A,Anúncio 3,4401.8,335508,231373,161673,10630,1619541.14
Prado Saúde Animal,Campanha C,Anúncio 2,3450.03,48838,35612,24387,305,95845.69
CLAC,Campanha B,Anúncio 3,9767.37,30556,26048,14373,735,46291.71
Coagro,Campanha C,Anúncio 5,7666.81,6582,3600,1515,115,19065.09
Prado Saúde Animal,Campanha D,Anúncio 3,9485.38,25693,22190,9184,246,99277.38
Coopavel,Campanha D,Anúncio 2,4273.06,305145,195274,74103,2418,165666.4
Frísia,Campanha B,Anúncio 3,9384.94,334957,279680,84688,2154,501002.5
Copérdia,Campanha B,Anúncio 3,4938.0,105169,90286,32298,1361,267210.66
Palmali,Campanha A,Anúncio 3,2976.42,278891,227141,156477,6936,1188186.47
Heel Vet,Campanha C,Anúncio 3,3400.01,464502,363828,270623,11159,3599507.39
BioSyn,Campanha C,Anúncio 2,1131.33,294731,200030,112835,8445,1034490.9
Kraemer,Campanha C,Anúncio 4,5675.37,316555,196992,63204,2990,1410955.34
Coagro,Campanha A,Anúncio 1,580.7,469458,325486,201054,12689,4463662.82
CLAC,Campanha C,Anúncio 2,934.13,390870,261432,164228,14120,6117985.38
Tacto Nutrição,Campanha C,Anúncio 2,8059.61,479431,401902,280708,4030,1796197.79
Prado Multiespécies,Campanha A,Anúncio 4,2249.23,137695,98997,58505,642,305737.34
Bom Jesus,Campanha A,Anúncio 3,3655.94,53133,29372,12240,1155,488981.02
BioSyn,Campanha C,Anúncio 3,9794.21,473064,307677,125506,7136,1117703.54
CooperOeste,Campanha D,Anúncio 3,1319.17,484060,366656,158989,15893,6924759.65
Nutrali,Campanha A,Anúncio 1,8790.12,188304,102804,80210,5776,2018349.28
Kraemer,Campanha D,Anúncio 2,1212.35,112695,81850,37331,3478,329596.25
Nutrali,Campanha B,Anúncio 3,4150.05,78544,55014,27225,2191,388798.29
Coagro,Campanha A,Anúncio 1,9079.8,39849,31048,14099,580,59986.26
CooperOeste,Campanha B,Anúncio 4,8654.41,464547,357567,145909,6234,1016276.0
Nutrali,Campanha B,Anúncio 2,667.8,378336,216017,114765,11426,2363947.57
Prado Saúde Animal,Campanha B,Anúncio 2,6555.84,260712,229844,131245,3190,1122115.11
Heel Vet,Campanha A,Anúncio 2,6061.31,238351,136419,105573,3267,353812.8
Fertilis,Campanha C,Anúncio 4,2195.58,50506,32124,13960,672,49632.48
Tacto Nutrição,Campanha A,Anúncio 3,4178.8,148887,91704,37236,2447,318261.48
Frísia,Campanha A,Anúncio 1,7564.71,7238,4847,3352,162,18353.69
Coagro,Campanha D,Anúncio 3,2640.46,264243,172915,121758,10695,3318720.62
Coopavel,Campanha B,Anúncio 5,6085.81,409202,211570,158396,10154,4341669.97
Palmali,Campanha B,Anúncio 4,7419.81,234711,190427,100162,6702,613251.85
Coagro,Campanha A,Anúncio 3,787.98,136762,82677,63427,5121,1533861.93
Frísia,Campanha C,Anúncio 4,7042.27,399873,234173,99898,1759,157961.86
Copérdia,Campanha C,Anúncio 3,5404.49,495473,424441,237526,13011,3373064.19
C.Vale,Campanha D,Anúncio 1,3016.47,239101,135306,64809,1039,182271.56
CooperOeste,Campanha B,Anúncio 4,7829.39,316604,169744,75910,7236,2899789.95
Prado Multiespécies,Campanha A,Anúncio 5,3101.28,49434,44089,33160,1561,313399.68
Eurotec Group,Campanha C,Anúncio 3,4492.52,192477,130600,62432,766,252247.01
Nutrali,Campanha D,Anúncio 5,109.7,453245,310404,189109,5681,1504097.24
Prado Saúde Animal,Campanha B,Anúncio 5,3394.42,338422,217310,115373,6359,1478243.94
BioSyn,Campanha C,Anúncio 1,7579.86,412340,226534,130109,8796,4363016.08
Coopavel,Campanha C,Anúncio 4,8958.33,138222,85768,67395,6388,3047016.42
Frísia,Campanha D,Anúncio 5,5890.43,130721,75247,34845,1120,449819.8
Copagril,Campanha D,Anúncio 2,1963.99,194774,159982,75494,5090,613324.47
Tacto Nutrição,Campanha A,Anúncio 5,5481.37,435025,242724,87016,5239,816031.68
Eurotec Group,Campanha B,Anúncio 4,1867.63,178847,116274,78022,3795,214775.12
Topnutri,Campanha B,Anúncio 1,7551.8,303428,250543,76589,6741,2511761.72
Heel Vet,Campanha D,Anúncio 5,9102.77,206958,151483,73062,1845,749297.18
Coagro,Campanha A,Anúncio 2,5323.85,110242,55716,32310,3089,1435248.95
Fertilis,Campanha D,Anúncio 2,7355.49,286770,220346,71446,3711,594230.13
Máxima Agronegócios,Campanha C,Anúncio 3,9081.14,23167,12936,5929,528,235525.43
Cibio,Campanha C,Anúncio 3,7082.56,331665,253294,148773,3692,1106260.79
Máxima Agronegócios,Campanha A,Anúncio 4,7924.3,5220,3841,2414,110,10572.91
Palmali,Campanha A,Anúncio 2,876.46,390398,220313,117437,6137,1681933.27
Copagril,Campanha B,Anúncio 4,7461.61,98012,60899,46955,4034,1144926.6
Fertilis,Campanha C,Anúncio 5,5572.25,466788,235989,99712,1903,317670.62
Cibio,Campanha B,Anúncio 5,6004.02,262073,160959,73841,6079,465455.95
BioSyn,Campanha B,Anúncio 3,1563.47,405394,339796,138218,1414,199650.86
CLAC,Campanha A,Anúncio 2,8174.23,91162,73081,52831,4261,1642348.41
Heel Vet,Campanha B,Anúncio 3,2411.06,352037,277208,84042,6805,1748815.75
Heel Vet,Campanha A,Anúncio 4,4350.52,78552,46261,32739,2847,801248.26
Nutrali,Campanha D,Anúncio 2,1394.09,439027,247097,135641,10853,1451799.18
CooperOeste,Campanha A,Anúncio 3,6456.09,165891,112679,64424,5373,1819597.58
Kraemer,Campanha D,Anúncio 1,7239.3,404639,361111,269976,5651,2162025.21
Coagro,Campanha C,Anúncio 3,1858.76,264999,182971,111477,6465,905766.95
Frísia,Campanha A,Anúncio 1,1434.64,336942,268783,108908,5681,2027192.63
Cibio,Campanha D,Anúncio 5,5396.22,93198,73784,33512,2360,824094.77
Eurotec Nutrition,Campanha D,Anúncio 5,7502.84,120118,88374,65283,5507,756039.79
Coopavel,Campanha B,Anúncio 3,2140.23,86285,70823,27589,1107,242946.07
BioSyn,Campanha C,Anúncio 3,2824.7,380621,323900,258177,3047,1029610.61
Soma Energia,Campanha B,Anúncio 4,6859.38,464991,305664,132109,9330,4063912.05
Bom Jesus,Campanha C,Anúncio 5,4925.34,215057,153390,92035,6153,2386996.86
Fertilis,Campanha D,Anúncio 2,937.8,190321,99453,54676,3772,960775.32
Copagril,Campanha B,Anúncio 2,101.82,177493,118061,49690,4038,1068177.38
C.Vale,Campanha D,Anúncio 2,8121.82,306359,194054,86462,8081,2065219.76
Kraemer,Campanha A,Anúncio 4,9920.19,115916,80222,40772,3256,900356.34
Eurotec Nutrition,Campanha D,Anúncio 1,4668.43,190874,147401,88770,1432,107584.59
Tacto Nutrição,Campanha C,Anúncio 5,7642.42,422972,217020,160581,3961,1477918.62
Tacto Nutrição,Campanha C,Anúncio 5,2919.52,468071,389993,161000,11862,3479980.3
Soma Energia,Campanha D,Anúncio 1,9761.2,44870,37256,18658,1684,681049.85
Ballagro,Campanha D,Anúncio 1,9657.86,146197,81005,41842,4029,1048811.55
Copérdia,Campanha D,Anúncio 4,6106.26,373144,318625,132449,2969,652291.41
BioSyn,Campanha C,Anúncio 5,2096.89,463599,380319,261340,13694,5132873.14
Tacto Nutrição,Campanha A,Anúncio 5,7831.76,5595,3346,2002,32,8157.58
Prado Saúde Animal,Campanha A,Anúncio 1,6138.51,394053,346318,202570,14633,5724839.66
Copagril,Campanha A,Anúncio 1,8441.84,340307,248456,167579,8815,577143.08
CLAC,Campanha C,Anúncio 3,4117.74,494882,262672,152813,13085,2703675.19
Granja Brasília,Campanha C,Anúncio 5,5601.9,217800,155256,64065,3149,1315422.56
Copagril,Campanha C,Anúncio 4,5745.13,325101,203211,63768,1819,708866.62
Palmali,Campanha A,Anúncio 3,8747.92,151329,117388,51267,1168,128103.59
Eurotec Nutrition,Campanha D,Anúncio 4,7440.16,226945,130859,98913,2750,738568.04
Copagril,Campanha A,Anúncio 2,1217.22,404860,249498,171612,14713,757231.76
Ballagro,Campanha C,Anúncio 4,6416.74,102021,88985,42428,1615,728186.58
Granja Brasília,Campanha B,Anúncio 4,292.22,3298,2130,853,82,40652.69
C.Vale,Campanha C,Anúncio 5,2935.14,324824,259100,173323,12545,1868999.11
Cibio,Campanha C,Anúncio 1,7054.65,431079,237836,114915,7421,2560374.5
Coagro,Campanha C,Anúncio 1,3519.03,85604,71369,29157,1759,745532.01
Topnutri,Campanha B,Anúncio 3,8228.26,354958,212748,146768,12859,3681412.64
Copérdia,Campanha C,Anúncio 1,4876.34,460715,249117,96236,6661,1531021.99
Tacto Nutrição,Campanha D,Anúncio 1,3621.6,338043,290826,179790,11742,5447339.58
Copagril,Campanha A,Anúncio 3,1243.71,117109,81351,62030,5197,653635.85
Ballagro,Campanha A,Anúncio 1,5151.17,312683,173428,71500,5736,2363607.72
BioSyn,Campanha C,Anúncio 5,8922.49,77391,67594,23063,1844,530466.57
Prado Saúde Animal,Campanha C,Anúncio 1,5525.69,19907,16153,7958,790,351511.3
Fertilis,Campanha C,Anúncio 5,1703.01,46499,38728,29068,1843,819676.66
Copagril,Campanha C,Anúncio 2,1857.21,207375,170005,105510,3251,959933.85
Agro Rural,Campanha A,Anúncio 1,3181.17,233050,208078,92538,1754,201690.54
Nutrali,Campanha C,Anúncio 4,7966.27,499739,332849,128218,1556,544859.75
Eurotec Group,Campanha B,Anúncio 2,2175.89,69038,47479,22484,1101,138347.4
Máxima Agronegócios,Campanha D,Anúncio 4,1117.94,370503,255147,105994,7919,3212271.99
Heel Vet,Campanha C,Anúncio 2,2646.21,7092,3743,1220,109,20816.91
Coopavel,Campanha B,Anúncio 5,7294.04,417484,359550,238288,18910,3640217.34
Coopavel,Campanha C,Anúncio 3,8614.88,496802,399427,290498,12111,2748522.18
Nutrali,Campanha B,Anúncio 1,1377.58,90709,75218,31878,2139,144974.94
Fertilis,Campanha D,Anúncio 1,3972.34,305262,209658,93758,3585,1457526.92
C.Vale,Campanha A,Anúncio 2,1755.74,82556,63263,21181,1639,93903.46
Kraemer,Campanha D,Anúncio 5,8959.61,397370,259922,87028,5940,2708997.89
Soma Energia,Campanha C,Anúncio 2,6676.33,213866,112699,35594,2341,999895.95
Copagril,Campanha A,Anúncio 1,3617.89,419470,311667,94630,6231,331255.94
Topnutri,Campanha D,Anúncio 1,8078.66,458340,309088,101482,1284,435508.96
Soma Energia,Campanha B,Anúncio 4,2237.6,345258,243346,90671,8384,2161665.3
Palmali,Campanha B,Anúncio 1,5338.71,363430,220677,84212,5820,937056.94
Heel Vet,Campanha A,Anúncio 5,8687.22,314135,173271,120876,6563,2328248.81
Tacto Nutrição,Campanha A,Anúncio 5,3816.58,311431,238771,76292,5143,2401599.51
Frísia,Campanha A,Anúncio 2,8282.03,50347,31467,23370,573,216733.71
Fertilis,Campanha D,Anúncio 5,4564.25,78263,61514,30422,753,92838.35
Copérdia,Campanha D,Anúncio 2,9934.96,101414,57882,29735,1132,139646.44
Copagril,Campanha B,Anúncio 1,4667.73,337081,227648,95632,8702,3187979.79
Copagril,Campanha A,Anúncio 1,1527.42,196953,161521,82102,964,217443.8
Prado Saúde Animal,Campanha B,Anúncio 3,7166.66,164758,111831,54590,3069,1386458.37
Cibio,Campanha C,Anúncio 1,8519.01,495368,386206,197069,14460,3612831.83
Soma Energia,Campanha D,Anúncio 3,2031.21,62269,45814,17705,1284,629679.89
Coagro,Campanha D,Anúncio 5,8384.57,30065,19179,10388,694,290808.53
Kraemer,Campanha D,Anúncio 5,6311.73,156587,129083,95434,5556,1919118.68
Coagro,Campanha D,Anúncio 2,7220.67,257668,191619,107809,3109,853576.23
Tacto Nutrição,Campanha D,Anúncio 3,2851.21,57624,34080,10784,1077,157244.99
Prado Saúde Animal,Campanha A,Anúncio 5,1561.25,283217,221880,102879,1439,608683.41
Agro Rural,Campanha B,Anúncio 4,7487.87,252682,206451,72794,3570,1526939.83
Fertilis,Campanha A,Anúncio 4,8135.09,369318,207568,70361,1624,163288.86
BioSyn,Campanha C,Anúncio 2,1778.06,60740,33664,23767,1849,533388.86
BioSyn,Campanha B,Anúncio 2,2790.45,66210,37260,26565,758,44965.1
Tacto Nutrição,Campanha C,Anúncio 4,9259.06,234214,144361,46937,1638,279681.56
Frísia,Campanha A,Anúncio 2,8224.11,473670,402652,217050,6965,695239.3
Tacto Nutrição,Campanha C,Anúncio 2,3163.45,21625,18718,11608,875,116651.6
Kraemer,Campanha C,Anúncio 5,395.52,25668,22650,8927,784,183917.48
Máxima Agronegócios,Campanha C,Anúncio 4,3589.21,152728,107001,82702,5701,2089825.03
C.Vale,Campanha D,Anúncio 1,9859.51,6536,4703,2698,177,62033.56
Palmali,Campanha A,Anúncio 2,2052.03,147591,102210,64653,2756,956846.72
Fertilis,Campanha B,Anúncio 5,1861.96,101622,75188,52909,3812,670028.63
Agro Rural,Campanha D,Anúncio 1,5870.3,86582,65084,33626,884,198983.8
Eurotec Group,Campanha A,Anúncio 3,9566.7,410378,226598,76155,1467,370074.4
Kraemer,Campanha D,Anúncio 2,1227.0,455948,259558,81503,3319,1519923.15
Coopavel,Campanha B,Anúncio 1,4206.63,371713,228009,88834,5134,1282885.32
Topnutri,Campanha B,Anúncio 2,2093.15,252426,164920,130086,11188,1261389.66
Copérdia,Campanha C,Anúncio 4,1638.99,187840,95589,39311,1870,485532.8
BioSyn,Campanha D,Anúncio 2,3061.66,69218,48568,32545,2225,592172.36
CooperOeste,Campanha B,Anúncio 3,4746.66,260423,220501,146275,8308,2907064.65
Eurotec Nutrition,Campanha C,Anúncio 4,7789.2,267499,237016,164883,4921,2198699.64
CLAC,Campanha A,Anúncio 4,9819.81,187148,111069,76009,1053,378558.43
Agro Rural,Campanha C,Anúncio 2,6312.78,467904,254947,121475,6487,512648.94
Topnutri,Campanha B,Anúncio 2,7394.34,288116,253410,195113,2590,423300.55
Ballagro,Campanha D,Anúncio 1,7298.6,67361,43079,16966,1604,306663.79
CLAC,Campanha A,Anúncio 1,9819.05,56222,30442,24007,1793,574698.76
CooperOeste,Campanha A,Anúncio 3,8788.0,481316,336853,192287,6440,1688261.85
Granja Brasília,Campanha C,Anúncio 1,1877.35,215661,143895,112683,9953,2682581.57
CLAC,Campanha C,Anúncio 2,1076.99,373905,328776,162529,5868,2114122.77
C.Vale,Campanha D,Anúncio 3,8414.51,82598,42756,17021,1629,246131.17
C.Vale,Campanha A,Anúncio 4,9178.16,462245,238580,130196,2128,752145.48
Soma Energia,Campanha C,Anúncio 5,6169.42,478479,336584,250245,11726,3552350.49
Granja Brasília,Campanha C,Anúncio 3,9497.52,136015,83487,54382,3786,349227.82
Bom Jesus,Campanha D,Anúncio 4,2676.86,193884,104801,40583,2706,726317.98
CLAC,Campanha B,Anúncio 5,7377.58,482546,269443,124743,4337,1530351.35
Eurotec Nutrition,Campanha D,Anúncio 2,2130.38,334432,268367,80916,7137,1292358.96
Bom Jesus,Campanha B,Anúncio 2,9926.03,390371,325230,226955,7278,948306.31
Palmali,Campanha B,Anúncio 1,8295.38,237203,141958,70499,2195,299506.45
Prado Saúde Animal,Campanha D,Anúncio 1,1816.58,448452,332871,163258,8435,3804565.94
Agro Rural,Campanha A,Anúncio 5,5433.69,169474,109327,86703,5977,566516.4
C.Vale,Campanha D,Anúncio 3,7572.41,442021,285240,109393,6038,748489.15
Cibio,Campanha A,Anúncio 4,5103.71,153969,130500,69368,1714,153098.86
Granja Brasília,Campanha A,Anúncio 4,4521.53,91471,53716,30285,789,194169.5
Eurotec Group,Campanha C,Anúncio 5,2949.44,493004,343255,114499,4176,367276.81
Eurotec Nutrition,Campanha C,Anúncio 5,1184.67,66861,34508,20669,2005,988878.1
Palmali,Campanha B,Anúncio 1,954.51,387890,243387,160855,5344,1206169.06
Coagro,Campanha A,Anúncio 3,536.87,381131,269231,162362,8108,2692758.6
Eurotec Group,Campanha C,Anúncio 1,2123.63,418771,257237,104257,9954,2198373.05
Copagril,Campanha C,Anúncio 1,259.77,275469,159657,77639,3247,1260155.91
